Agency,SiteNumber,Date,Groundwater_in_FeetBelowLandSurface,StationName,Latitude,Longitude,CoordinateAccuracy,CoordinateDatum,CountyCode,LandSurface_or_GageAltitude
USGS,3.63442E+14,8/21/2021,11.55,Naylor,36.5792222,-90.6129444,1,NAD83,181,303
USGS,3.63442E+14,8/22/2021,11.59,Naylor,36.5792222,-90.6129444,1,NAD83,181,303
USGS,3.63442E+14,8/23/2021,11.61,Naylor,36.5792222,-90.6129444,1,NAD83,181,303
USGS,3.63442E+14,8/24/2021,11.74,Naylor,36.5792222,-90.6129444,1,NAD83,181,303
USGS,3.63442E+14,8/25/2021,12.87,Naylor,36.5792222,-90.6129444,1,NAD83,181,303
USGS,3.63442E+14,8/26/2021,13.05,Naylor,36.5792222,-90.6129444,1,NAD83,181,303
USGS,3.63442E+14,8/27/2021,13.44,Naylor,36.5792222,-90.6129444,1,NAD83,181,303
USGS,3.63442E+14,8/28/2021,12.72,Naylor,36.5792222,-90.6129444,1,NAD83,181,303
USGS,3.63442E+14,8/29/2021,12.37,Naylor,36.5792222,-90.6129444,1,NAD83,181,303
USGS,3.63442E+14,8/30/2021,12.24,Naylor,36.5792222,-90.6129444,1,NAD83,181,303
USGS,3.63442E+14,8/31/2021,13.01,Naylor,36.5792222,-90.6129444,1,NAD83,181,303
USGS,3.63442E+14,9/1/2021,13.47,Naylor,36.5792222,-90.6129444,1,NAD83,181,303
USGS,3.63442E+14,9/2/2021,12.84,Naylor,36.5792222,-90.6129444,1,NAD83,181,303
USGS,3.63442E+14,9/3/2021,12.58,Naylor,36.5792222,-90.6129444,1,NAD83,181,303
USGS,3.63442E+14,9/4/2021,12.48,Naylor,36.5792222,-90.6129444,1,NAD83,181,303
USGS,3.63442E+14,9/5/2021,12.27,Naylor,36.5792222,-90.6129444,1,NAD83,181,303
USGS,3.63442E+14,9/6/2021,12.16,Naylor,36.5792222,-90.6129444,1,NAD83,181,303
USGS,3.63442E+14,9/7/2021,12.13,Naylor,36.5792222,-90.6129444,1,NAD83,181,303
USGS,3.63442E+14,9/8/2021,12.14,Naylor,36.5792222,-90.6129444,1,NAD83,181,303
USGS,3.63442E+14,9/9/2021,12.18,Naylor,36.5792222,-90.6129444,1,NAD83,181,303
USGS,3.63442E+14,9/10/2021,12.19,Naylor,36.5792222,-90.6129444,1,NAD83,181,303
USGS,3.63442E+14,9/11/2021,12.21,Naylor,36.5792222,-90.6129444,1,NAD83,181,303
USGS,3.63442E+14,9/12/2021,12.24,Naylor,36.5792222,-90.6129444,1,NAD83,181,303
USGS,3.63442E+14,9/13/2021,12.27,Naylor,36.5792222,-90.6129444,1,NAD83,181,303
USGS,3.63442E+14,9/14/2021,12.36,Naylor,36.5792222,-90.6129444,1,NAD83,181,303
USGS,3.63442E+14,9/15/2021,12.47,Naylor,36.5792222,-90.6129444,1,NAD83,181,303
USGS,3.63442E+14,9/16/2021,12.54,Naylor,36.5792222,-90.6129444,1,NAD83,181,303
USGS,3.63442E+14,9/17/2021,12.58,Naylor,36.5792222,-90.6129444,1,NAD83,181,303
USGS,3.63442E+14,9/18/2021,12.58,Naylor,36.5792222,-90.6129444,1,NAD83,181,303
USGS,3.63442E+14,9/19/2021,12.56,Naylor,36.5792222,-90.6129444,1,NAD83,181,303
USGS,3.63442E+14,9/20/2021,12.57,Naylor,36.5792222,-90.6129444,1,NAD83,181,303
USGS,3.63442E+14,9/21/2021,12.65,Naylor,36.5792222,-90.6129444,1,NAD83,181,303
USGS,3.63442E+14,9/22/2021,12.67,Naylor,36.5792222,-90.6129444,1,NAD83,181,303
USGS,3.63442E+14,9/23/2021,12.67,Naylor,36.5792222,-90.6129444,1,NAD83,181,303
USGS,3.63442E+14,9/24/2021,12.71,Naylor,36.5792222,-90.6129444,1,NAD83,181,303
USGS,3.63442E+14,9/25/2021,12.75,Naylor,36.5792222,-90.6129444,1,NAD83,181,303
USGS,3.63442E+14,9/26/2021,12.76,Naylor,36.5792222,-90.6129444,1,NAD83,181,303
USGS,3.63442E+14,9/27/2021,12.78,Naylor,36.5792222,-90.6129444,1,NAD83,181,303
USGS,3.63442E+14,9/28/2021,12.8,Naylor,36.5792222,-90.6129444,1,NAD83,181,303
USGS,3.63442E+14,9/29/2021,12.83,Naylor,36.5792222,-90.6129444,1,NAD83,181,303
USGS,3.63442E+14,9/30/2021,12.87,Naylor,36.5792222,-90.6129444,1,NAD83,181,303
USGS,3.63442E+14,10/1/2021,12.54,Naylor,36.5792222,-90.6129444,1,NAD83,181,303
USGS,3.63442E+14,10/2/2021,12.03,Naylor,36.5792222,-90.6129444,1,NAD83,181,303
USGS,3.63442E+14,10/3/2021,11.86,Naylor,36.5792222,-90.6129444,1,NAD83,181,303
USGS,3.63442E+14,10/4/2021,11.82,Naylor,36.5792222,-90.6129444,1,NAD83,181,303
USGS,3.63442E+14,10/5/2021,11.82,Naylor,36.5792222,-90.6129444,1,NAD83,181,303
USGS,3.63442E+14,10/6/2021,11.71,Naylor,36.5792222,-90.6129444,1,NAD83,181,303
USGS,3.63442E+14,10/7/2021,11.65,Naylor,36.5792222,-90.6129444,1,NAD83,181,303
USGS,3.63442E+14,10/8/2021,11.63,Naylor,36.5792222,-90.6129444,1,NAD83,181,303
USGS,3.63442E+14,10/9/2021,11.62,Naylor,36.5792222,-90.6129444,1,NAD83,181,303
USGS,3.63442E+14,10/10/2021,11.66,Naylor,36.5792222,-90.6129444,1,NAD83,181,303
USGS,3.63442E+14,10/11/2021,11.69,Naylor,36.5792222,-90.6129444,1,NAD83,181,303
USGS,3.63442E+14,10/12/2021,11.8,Naylor,36.5792222,-90.6129444,1,NAD83,181,303
USGS,3.63442E+14,10/13/2021,11.76,Naylor,36.5792222,-90.6129444,1,NAD83,181,303
USGS,3.63442E+14,10/14/2021,11.78,Naylor,36.5792222,-90.6129444,1,NAD83,181,303
USGS,3.63442E+14,10/15/2021,11.83,Naylor,36.5792222,-90.6129444,1,NAD83,181,303
USGS,3.63442E+14,10/16/2021,11.92,Naylor,36.5792222,-90.6129444,1,NAD83,181,303
USGS,3.63442E+14,10/17/2021,11.88,Naylor,36.5792222,-90.6129444,1,NAD83,181,303
USGS,3.63442E+14,10/18/2021,11.86,Naylor,36.5792222,-90.6129444,1,NAD83,181,303
USGS,3.63442E+14,10/19/2021,11.88,Naylor,36.5792222,-90.6129444,1,NAD83,181,303
USGS,3.63442E+14,10/20/2021,11.9,Naylor,36.5792222,-90.6129444,1,NAD83,181,303
USGS,3.63442E+14,10/21/2021,11.93,Naylor,36.5792222,-90.6129444,1,NAD83,181,303
USGS,3.63442E+14,10/22/2021,11.94,Naylor,36.5792222,-90.6129444,1,NAD83,181,303
USGS,3.63442E+14,10/23/2021,11.92,Naylor,36.5792222,-90.6129444,1,NAD83,181,303
USGS,3.63442E+14,10/24/2021,11.9,Naylor,36.5792222,-90.6129444,1,NAD83,181,303
USGS,3.63442E+14,10/25/2021,11.83,Naylor,36.5792222,-90.6129444,1,NAD83,181,303
USGS,3.63442E+14,10/26/2021,11.7,Naylor,36.5792222,-90.6129444,1,NAD83,181,303
USGS,3.63442E+14,10/27/2021,11.6,Naylor,36.5792222,-90.6129444,1,NAD83,181,303
USGS,3.63442E+14,10/28/2021,11.53,Naylor,36.5792222,-90.6129444,1,NAD83,181,303
USGS,3.63442E+14,10/29/2021,11.56,Naylor,36.5792222,-90.6129444,1,NAD83,181,303
USGS,3.63442E+14,10/30/2021,11.53,Naylor,36.5792222,-90.6129444,1,NAD83,181,303
USGS,3.63442E+14,10/31/2021,11.61,Naylor,36.5792222,-90.6129444,1,NAD83,181,303
USGS,3.63442E+14,11/1/2021,11.64,Naylor,36.5792222,-90.6129444,1,NAD83,181,303
USGS,3.63442E+14,11/2/2021,11.63,Naylor,36.5792222,-90.6129444,1,NAD83,181,303
USGS,3.63442E+14,11/3/2021,11.62,Naylor,36.5792222,-90.6129444,1,NAD83,181,303
USGS,3.63442E+14,11/4/2021,11.63,Naylor,36.5792222,-90.6129444,1,NAD83,181,303
USGS,3.63442E+14,11/5/2021,11.65,Naylor,36.5792222,-90.6129444,1,NAD83,181,303
USGS,3.63442E+14,11/6/2021,11.66,Naylor,36.5792222,-90.6129444,1,NAD83,181,303
USGS,3.63442E+14,11/7/2021,11.68,Naylor,36.5792222,-90.6129444,1,NAD83,181,303
USGS,3.63442E+14,11/8/2021,11.71,Naylor,36.5792222,-90.6129444,1,NAD83,181,303
USGS,3.63442E+14,11/9/2021,11.71,Naylor,36.5792222,-90.6129444,1,NAD83,181,303
USGS,3.63442E+14,11/10/2021,11.68,Naylor,36.5792222,-90.6129444,1,NAD83,181,303
USGS,3.63442E+14,11/11/2021,11.64,Naylor,36.5792222,-90.6129444,1,NAD83,181,303
USGS,3.63442E+14,11/12/2021,11.62,Naylor,36.5792222,-90.6129444,1,NAD83,181,303
USGS,3.63442E+14,11/13/2021,11.64,Naylor,36.5792222,-90.6129444,1,NAD83,181,303
USGS,3.63442E+14,11/14/2021,11.62,Naylor,36.5792222,-90.6129444,1,NAD83,181,303
USGS,3.63442E+14,11/15/2021,11.65,Naylor,36.5792222,-90.6129444,1,NAD83,181,303
USGS,3.63442E+14,11/16/2021,11.63,Naylor,36.5792222,-90.6129444,1,NAD83,181,303
USGS,3.63442E+14,11/17/2021,11.68,Naylor,36.5792222,-90.6129444,1,NAD83,181,303
USGS,3.63442E+14,11/18/2021,11.74,Naylor,36.5792222,-90.6129444,1,NAD83,181,303
USGS,3.63442E+14,11/19/2021,11.64,Naylor,36.5792222,-90.6129444,1,NAD83,181,303
USGS,3.63442E+14,11/20/2021,11.55,Naylor,36.5792222,-90.6129444,1,NAD83,181,303
USGS,3.63442E+14,11/21/2021,11.56,Naylor,36.5792222,-90.6129444,1,NAD83,181,303
USGS,3.63442E+14,11/22/2021,11.62,Naylor,36.5792222,-90.6129444,1,NAD83,181,303
USGS,3.63442E+14,11/23/2021,11.59,Naylor,36.5792222,-90.6129444,1,NAD83,181,303
USGS,3.63442E+14,11/24/2021,11.57,Naylor,36.5792222,-90.6129444,1,NAD83,181,303
USGS,3.63442E+14,11/25/2021,11.56,Naylor,36.5792222,-90.6129444,1,NAD83,181,303
USGS,3.63442E+14,11/26/2021,11.42,Naylor,36.5792222,-90.6129444,1,NAD83,181,303
USGS,3.63442E+14,11/27/2021,11.36,Naylor,36.5792222,-90.6129444,1,NAD83,181,303
USGS,3.63442E+14,11/28/2021,11.45,Naylor,36.5792222,-90.6129444,1,NAD83,181,303
USGS,3.63442E+14,11/29/2021,11.43,Naylor,36.5792222,-90.6129444,1,NAD83,181,303
USGS,3.63442E+14,11/30/2021,11.46,Naylor,36.5792222,-90.6129444,1,NAD83,181,303
USGS,3.63442E+14,12/1/2021,11.44,Naylor,36.5792222,-90.6129444,1,NAD83,181,303
USGS,3.63442E+14,12/2/2021,11.48,Naylor,36.5792222,-90.6129444,1,NAD83,181,303
USGS,3.63442E+14,12/3/2021,11.47,Naylor,36.5792222,-90.6129444,1,NAD83,181,303
USGS,3.63442E+14,12/4/2021,11.56,Naylor,36.5792222,-90.6129444,1,NAD83,181,303
USGS,3.63442E+14,12/5/2021,11.44,Naylor,36.5792222,-90.6129444,1,NAD83,181,303
USGS,3.63442E+14,12/6/2021,11.46,Naylor,36.5792222,-90.6129444,1,NAD83,181,303
USGS,3.63442E+14,12/7/2021,,Naylor,36.5792222,-90.6129444,1,NAD83,181,303
USGS,3.63442E+14,12/8/2021,,Naylor,36.5792222,-90.6129444,1,NAD83,181,303
USGS,3.63442E+14,12/9/2021,,Naylor,36.5792222,-90.6129444,1,NAD83,181,303
USGS,3.63442E+14,12/10/2021,,Naylor,36.5792222,-90.6129444,1,NAD83,181,303
USGS,3.63442E+14,12/11/2021,,Naylor,36.5792222,-90.6129444,1,NAD83,181,303
USGS,3.63442E+14,12/12/2021,,Naylor,36.5792222,-90.6129444,1,NAD83,181,303
USGS,3.63442E+14,12/13/2021,,Naylor,36.5792222,-90.6129444,1,NAD83,181,303
USGS,3.63442E+14,12/14/2021,,Naylor,36.5792222,-90.6129444,1,NAD83,181,303
USGS,3.63442E+14,12/15/2021,,Naylor,36.5792222,-90.6129444,1,NAD83,181,303
USGS,3.63442E+14,12/16/2021,,Naylor,36.5792222,-90.6129444,1,NAD83,181,303
USGS,3.63442E+14,12/17/2021,,Naylor,36.5792222,-90.6129444,1,NAD83,181,303
USGS,3.63442E+14,12/18/2021,,Naylor,36.5792222,-90.6129444,1,NAD83,181,303
USGS,3.63442E+14,12/19/2021,,Naylor,36.5792222,-90.6129444,1,NAD83,181,303
USGS,3.63442E+14,12/20/2021,,Naylor,36.5792222,-90.6129444,1,NAD83,181,303
USGS,3.63442E+14,12/21/2021,,Naylor,36.5792222,-90.6129444,1,NAD83,181,303
USGS,3.63442E+14,12/22/2021,,Naylor,36.5792222,-90.6129444,1,NAD83,181,303
USGS,3.63442E+14,12/23/2021,,Naylor,36.5792222,-90.6129444,1,NAD83,181,303
USGS,3.63442E+14,12/24/2021,,Naylor,36.5792222,-90.6129444,1,NAD83,181,303
USGS,3.63442E+14,12/25/2021,,Naylor,36.5792222,-90.6129444,1,NAD83,181,303
USGS,3.63442E+14,12/26/2021,,Naylor,36.5792222,-90.6129444,1,NAD83,181,303
USGS,3.63442E+14,12/27/2021,,Naylor,36.5792222,-90.6129444,1,NAD83,181,303
USGS,3.63442E+14,12/28/2021,,Naylor,36.5792222,-90.6129444,1,NAD83,181,303
USGS,3.63442E+14,12/29/2021,,Naylor,36.5792222,-90.6129444,1,NAD83,181,303
USGS,3.63442E+14,12/30/2021,,Naylor,36.5792222,-90.6129444,1,NAD83,181,303
USGS,3.63442E+14,12/31/2021,,Naylor,36.5792222,-90.6129444,1,NAD83,181,303
USGS,3.63442E+14,1/1/2022,,Naylor,36.5792222,-90.6129444,1,NAD83,181,303
USGS,3.63442E+14,1/2/2022,,Naylor,36.5792222,-90.6129444,1,NAD83,181,303
USGS,3.63442E+14,1/3/2022,,Naylor,36.5792222,-90.6129444,1,NAD83,181,303
USGS,3.63442E+14,1/4/2022,,Naylor,36.5792222,-90.6129444,1,NAD83,181,303
USGS,3.63442E+14,1/5/2022,,Naylor,36.5792222,-90.6129444,1,NAD83,181,303
USGS,3.63442E+14,1/6/2022,,Naylor,36.5792222,-90.6129444,1,NAD83,181,303
USGS,3.63442E+14,1/7/2022,,Naylor,36.5792222,-90.6129444,1,NAD83,181,303
USGS,3.63442E+14,1/8/2022,,Naylor,36.5792222,-90.6129444,1,NAD83,181,303
USGS,3.63442E+14,1/9/2022,,Naylor,36.5792222,-90.6129444,1,NAD83,181,303
USGS,3.63442E+14,1/10/2022,,Naylor,36.5792222,-90.6129444,1,NAD83,181,303
USGS,3.63442E+14,1/11/2022,,Naylor,36.5792222,-90.6129444,1,NAD83,181,303
USGS,3.63442E+14,1/12/2022,,Naylor,36.5792222,-90.6129444,1,NAD83,181,303
USGS,3.63442E+14,1/13/2022,9.01,Naylor,36.5792222,-90.6129444,1,NAD83,181,303
USGS,3.63442E+14,1/14/2022,9.05,Naylor,36.5792222,-90.6129444,1,NAD83,181,303
USGS,3.63442E+14,1/15/2022,9.01,Naylor,36.5792222,-90.6129444,1,NAD83,181,303
USGS,3.63442E+14,1/16/2022,8.82,Naylor,36.5792222,-90.6129444,1,NAD83,181,303
USGS,3.63442E+14,1/17/2022,8.81,Naylor,36.5792222,-90.6129444,1,NAD83,181,303
USGS,3.63442E+14,1/18/2022,8.75,Naylor,36.5792222,-90.6129444,1,NAD83,181,303
USGS,3.63442E+14,1/19/2022,8.8,Naylor,36.5792222,-90.6129444,1,NAD83,181,303
USGS,3.63442E+14,1/20/2022,8.96,Naylor,36.5792222,-90.6129444,1,NAD83,181,303
USGS,3.63442E+14,1/21/2022,8.86,Naylor,36.5792222,-90.6129444,1,NAD83,181,303
USGS,3.63442E+14,1/22/2022,8.79,Naylor,36.5792222,-90.6129444,1,NAD83,181,303
USGS,3.63442E+14,1/23/2022,8.66,Naylor,36.5792222,-90.6129444,1,NAD83,181,303
USGS,3.63442E+14,1/24/2022,8.62,Naylor,36.5792222,-90.6129444,1,NAD83,181,303
USGS,3.63442E+14,1/25/2022,8.89,Naylor,36.5792222,-90.6129444,1,NAD83,181,303
USGS,3.63442E+14,1/26/2022,8.92,Naylor,36.5792222,-90.6129444,1,NAD83,181,303
USGS,3.63442E+14,1/27/2022,8.78,Naylor,36.5792222,-90.6129444,1,NAD83,181,303
USGS,3.63442E+14,1/28/2022,8.8,Naylor,36.5792222,-90.6129444,1,NAD83,181,303
USGS,3.63442E+14,1/29/2022,8.74,Naylor,36.5792222,-90.6129444,1,NAD83,181,303
USGS,3.63442E+14,1/30/2022,8.69,Naylor,36.5792222,-90.6129444,1,NAD83,181,303
USGS,3.63442E+14,1/31/2022,8.75,Naylor,36.5792222,-90.6129444,1,NAD83,181,303
USGS,3.63442E+14,2/1/2022,8.72,Naylor,36.5792222,-90.6129444,1,NAD83,181,303
USGS,3.63442E+14,2/2/2022,8.69,Naylor,36.5792222,-90.6129444,1,NAD83,181,303
USGS,3.63442E+14,2/3/2022,8.61,Naylor,36.5792222,-90.6129444,1,NAD83,181,303
USGS,3.63442E+14,2/4/2022,8.71,Naylor,36.5792222,-90.6129444,1,NAD83,181,303
USGS,3.63442E+14,2/5/2022,8.68,Naylor,36.5792222,-90.6129444,1,NAD83,181,303
USGS,3.63442E+14,2/6/2022,8.54,Naylor,36.5792222,-90.6129444,1,NAD83,181,303
USGS,3.63442E+14,2/7/2022,8.48,Naylor,36.5792222,-90.6129444,1,NAD83,181,303
USGS,3.63442E+14,2/8/2022,8.29,Naylor,36.5792222,-90.6129444,1,NAD83,181,303
USGS,3.63442E+14,2/9/2022,8.17,Naylor,36.5792222,-90.6129444,1,NAD83,181,303
USGS,3.63442E+14,2/10/2022,8.19,Naylor,36.5792222,-90.6129444,1,NAD83,181,303
USGS,3.63442E+14,2/11/2022,8.13,Naylor,36.5792222,-90.6129444,1,NAD83,181,303
USGS,3.63442E+14,2/12/2022,8.42,Naylor,36.5792222,-90.6129444,1,NAD83,181,303
USGS,3.63442E+14,2/13/2022,8.34,Naylor,36.5792222,-90.6129444,1,NAD83,181,303
USGS,3.63442E+14,2/14/2022,8.31,Naylor,36.5792222,-90.6129444,1,NAD83,181,303
USGS,3.63442E+14,2/15/2022,8.28,Naylor,36.5792222,-90.6129444,1,NAD83,181,303
USGS,3.63442E+14,2/16/2022,8.19,Naylor,36.5792222,-90.6129444,1,NAD83,181,303
USGS,3.63442E+14,2/17/2022,8.01,Naylor,36.5792222,-90.6129444,1,NAD83,181,303
USGS,3.63442E+14,2/18/2022,7.98,Naylor,36.5792222,-90.6129444,1,NAD83,181,303
USGS,3.63442E+14,2/19/2022,7.85,Naylor,36.5792222,-90.6129444,1,NAD83,181,303
USGS,3.63442E+14,2/20/2022,7.64,Naylor,36.5792222,-90.6129444,1,NAD83,181,303
USGS,3.63442E+14,2/21/2022,7.54,Naylor,36.5792222,-90.6129444,1,NAD83,181,303
USGS,3.63442E+14,2/22/2022,7.51,Naylor,36.5792222,-90.6129444,1,NAD83,181,303
USGS,3.63442E+14,2/23/2022,7.6,Naylor,36.5792222,-90.6129444,1,NAD83,181,303
USGS,3.63442E+14,2/24/2022,,Naylor,36.5792222,-90.6129444,1,NAD83,181,303
USGS,3.63442E+14,2/25/2022,,Naylor,36.5792222,-90.6129444,1,NAD83,181,303
USGS,3.63442E+14,2/26/2022,7.23,Naylor,36.5792222,-90.6129444,1,NAD83,181,303
USGS,3.63442E+14,2/27/2022,7.06,Naylor,36.5792222,-90.6129444,1,NAD83,181,303
USGS,3.63442E+14,2/28/2022,6.99,Naylor,36.5792222,-90.6129444,1,NAD83,181,303
USGS,3.63442E+14,3/1/2022,6.92,Naylor,36.5792222,-90.6129444,1,NAD83,181,303
USGS,3.63442E+14,3/2/2022,6.95,Naylor,36.5792222,-90.6129444,1,NAD83,181,303
USGS,3.63442E+14,3/3/2022,7.02,Naylor,36.5792222,-90.6129444,1,NAD83,181,303
USGS,3.63442E+14,3/4/2022,7.02,Naylor,36.5792222,-90.6129444,1,NAD83,181,303
USGS,3.63442E+14,3/5/2022,6.94,Naylor,36.5792222,-90.6129444,1,NAD83,181,303
USGS,3.63442E+14,3/6/2022,6.94,Naylor,36.5792222,-90.6129444,1,NAD83,181,303
USGS,3.63442E+14,3/7/2022,6.88,Naylor,36.5792222,-90.6129444,1,NAD83,181,303
USGS,3.63442E+14,3/8/2022,6.73,Naylor,36.5792222,-90.6129444,1,NAD83,181,303
USGS,3.63442E+14,3/9/2022,6.62,Naylor,36.5792222,-90.6129444,1,NAD83,181,303
USGS,3.63442E+14,3/10/2022,6.63,Naylor,36.5792222,-90.6129444,1,NAD83,181,303
USGS,3.63442E+14,3/11/2022,6.67,Naylor,36.5792222,-90.6129444,1,NAD83,181,303
USGS,3.63442E+14,3/12/2022,6.81,Naylor,36.5792222,-90.6129444,1,NAD83,181,303
USGS,3.63442E+14,3/13/2022,6.72,Naylor,36.5792222,-90.6129444,1,NAD83,181,303
USGS,3.63442E+14,3/14/2022,6.75,Naylor,36.5792222,-90.6129444,1,NAD83,181,303
USGS,3.63442E+14,3/15/2022,6.73,Naylor,36.5792222,-90.6129444,1,NAD83,181,303
USGS,3.63442E+14,3/16/2022,6.67,Naylor,36.5792222,-90.6129444,1,NAD83,181,303
USGS,3.63442E+14,3/17/2022,6.68,Naylor,36.5792222,-90.6129444,1,NAD83,181,303
USGS,3.63442E+14,3/18/2022,6.62,Naylor,36.5792222,-90.6129444,1,NAD83,181,303
USGS,3.63442E+14,3/19/2022,6.83,Naylor,36.5792222,-90.6129444,1,NAD83,181,303
USGS,3.63442E+14,3/20/2022,6.92,Naylor,36.5792222,-90.6129444,1,NAD83,181,303
USGS,3.63442E+14,3/21/2022,6.83,Naylor,36.5792222,-90.6129444,1,NAD83,181,303
USGS,3.63442E+14,3/22/2022,6.54,Naylor,36.5792222,-90.6129444,1,NAD83,181,303
USGS,3.63442E+14,3/23/2022,6.41,Naylor,36.5792222,-90.6129444,1,NAD83,181,303
USGS,3.63442E+14,3/24/2022,6.49,Naylor,36.5792222,-90.6129444,1,NAD83,181,303
USGS,3.63442E+14,3/25/2022,6.53,Naylor,36.5792222,-90.6129444,1,NAD83,181,303
USGS,3.63442E+14,3/26/2022,6.54,Naylor,36.5792222,-90.6129444,1,NAD83,181,303
USGS,3.63442E+14,3/27/2022,6.63,Naylor,36.5792222,-90.6129444,1,NAD83,181,303
USGS,3.63442E+14,3/28/2022,6.63,Naylor,36.5792222,-90.6129444,1,NAD83,181,303
USGS,3.63442E+14,3/29/2022,6.49,Naylor,36.5792222,-90.6129444,1,NAD83,181,303
USGS,3.63442E+14,3/30/2022,6.31,Naylor,36.5792222,-90.6129444,1,NAD83,181,303
USGS,3.63442E+14,3/31/2022,6.36,Naylor,36.5792222,-90.6129444,1,NAD83,181,303
USGS,3.63442E+14,4/1/2022,6.43,Naylor,36.5792222,-90.6129444,1,NAD83,181,303
USGS,3.63442E+14,4/2/2022,6.29,Naylor,36.5792222,-90.6129444,1,NAD83,181,303
USGS,3.63442E+14,4/3/2022,6.27,Naylor,36.5792222,-90.6129444,1,NAD83,181,303
USGS,3.63442E+14,4/4/2022,6.15,Naylor,36.5792222,-90.6129444,1,NAD83,181,303
USGS,3.63442E+14,4/5/2022,5.99,Naylor,36.5792222,-90.6129444,1,NAD83,181,303
USGS,3.63442E+14,4/6/2022,6.1,Naylor,36.5792222,-90.6129444,1,NAD83,181,303
USGS,3.63442E+14,4/7/2022,6.19,Naylor,36.5792222,-90.6129444,1,NAD83,181,303
USGS,3.63442E+14,4/8/2022,6.27,Naylor,36.5792222,-90.6129444,1,NAD83,181,303
USGS,3.63442E+14,4/9/2022,6.34,Naylor,36.5792222,-90.6129444,1,NAD83,181,303
USGS,3.63442E+14,4/10/2022,6.27,Naylor,36.5792222,-90.6129444,1,NAD83,181,303
USGS,3.63442E+14,4/11/2022,6.37,Naylor,36.5792222,-90.6129444,1,NAD83,181,303
USGS,3.63442E+14,4/12/2022,6.19,Naylor,36.5792222,-90.6129444,1,NAD83,181,303
USGS,3.63442E+14,4/13/2022,5.89,Naylor,36.5792222,-90.6129444,1,NAD83,181,303
USGS,3.63442E+14,4/14/2022,5.88,Naylor,36.5792222,-90.6129444,1,NAD83,181,303
USGS,3.63442E+14,4/15/2022,5.69,Naylor,36.5792222,-90.6129444,1,NAD83,181,303
USGS,3.63442E+14,4/16/2022,5.7,Naylor,36.5792222,-90.6129444,1,NAD83,181,303
USGS,3.63442E+14,4/17/2022,5.61,Naylor,36.5792222,-90.6129444,1,NAD83,181,303
USGS,3.63442E+14,4/18/2022,5.6,Naylor,36.5792222,-90.6129444,1,NAD83,181,303
USGS,3.63442E+14,4/19/2022,5.54,Naylor,36.5792222,-90.6129444,1,NAD83,181,303
USGS,3.63442E+14,4/20/2022,5.39,Naylor,36.5792222,-90.6129444,1,NAD83,181,303
USGS,3.63442E+14,4/21/2022,5.4,Naylor,36.5792222,-90.6129444,1,NAD83,181,303
USGS,3.63442E+14,4/22/2022,5.29,Naylor,36.5792222,-90.6129444,1,NAD83,181,303
USGS,3.63442E+14,4/23/2022,5.15,Naylor,36.5792222,-90.6129444,1,NAD83,181,303
USGS,3.63442E+14,4/24/2022,5.18,Naylor,36.5792222,-90.6129444,1,NAD83,181,303
USGS,3.63442E+14,4/25/2022,5.17,Naylor,36.5792222,-90.6129444,1,NAD83,181,303
USGS,3.63442E+14,4/26/2022,5.13,Naylor,36.5792222,-90.6129444,1,NAD83,181,303
USGS,3.63442E+14,4/27/2022,5.01,Naylor,36.5792222,-90.6129444,1,NAD83,181,303
USGS,3.63442E+14,4/28/2022,4.94,Naylor,36.5792222,-90.6129444,1,NAD83,181,303
USGS,3.63442E+14,4/29/2022,4.91,Naylor,36.5792222,-90.6129444,1,NAD83,181,303
USGS,3.63442E+14,4/30/2022,4.97,Naylor,36.5792222,-90.6129444,1,NAD83,181,303
USGS,3.63442E+14,5/1/2022,5.2,Naylor,36.5792222,-90.6129444,1,NAD83,181,303
USGS,3.63442E+14,5/2/2022,5.26,Naylor,36.5792222,-90.6129444,1,NAD83,181,303
USGS,3.63442E+14,5/3/2022,4.96,Naylor,36.5792222,-90.6129444,1,NAD83,181,303
USGS,3.63442E+14,5/4/2022,4.98,Naylor,36.5792222,-90.6129444,1,NAD83,181,303
USGS,3.63442E+14,5/5/2022,4.68,Naylor,36.5792222,-90.6129444,1,NAD83,181,303
USGS,3.63442E+14,5/6/2022,4.38,Naylor,36.5792222,-90.6129444,1,NAD83,181,303
USGS,3.63442E+14,5/7/2022,4.4,Naylor,36.5792222,-90.6129444,1,NAD83,181,303
USGS,3.63442E+14,5/8/2022,4.39,Naylor,36.5792222,-90.6129444,1,NAD83,181,303
USGS,3.63442E+14,5/9/2022,4.49,Naylor,36.5792222,-90.6129444,1,NAD83,181,303
USGS,3.63442E+14,5/10/2022,4.71,Naylor,36.5792222,-90.6129444,1,NAD83,181,303
USGS,3.63442E+14,5/11/2022,4.83,Naylor,36.5792222,-90.6129444,1,NAD83,181,303
USGS,3.63442E+14,5/12/2022,4.87,Naylor,36.5792222,-90.6129444,1,NAD83,181,303
USGS,3.63442E+14,5/13/2022,4.94,Naylor,36.5792222,-90.6129444,1,NAD83,181,303
USGS,3.63442E+14,5/14/2022,5.09,Naylor,36.5792222,-90.6129444,1,NAD83,181,303
USGS,3.63442E+14,5/15/2022,5.21,Naylor,36.5792222,-90.6129444,1,NAD83,181,303
USGS,3.63442E+14,5/16/2022,5.37,Naylor,36.5792222,-90.6129444,1,NAD83,181,303
USGS,3.63442E+14,5/17/2022,5.48,Naylor,36.5792222,-90.6129444,1,NAD83,181,303
USGS,3.63442E+14,5/18/2022,5.45,Naylor,36.5792222,-90.6129444,1,NAD83,181,303
USGS,3.63442E+14,5/19/2022,5.47,Naylor,36.5792222,-90.6129444,1,NAD83,181,303
USGS,3.63442E+14,5/20/2022,5.58,Naylor,36.5792222,-90.6129444,1,NAD83,181,303
USGS,3.63442E+14,5/21/2022,5.82,Naylor,36.5792222,-90.6129444,1,NAD83,181,303
USGS,3.63442E+14,5/22/2022,5.81,Naylor,36.5792222,-90.6129444,1,NAD83,181,303
USGS,3.63442E+14,5/23/2022,5.65,Naylor,36.5792222,-90.6129444,1,NAD83,181,303
USGS,3.63442E+14,5/24/2022,5.55,Naylor,36.5792222,-90.6129444,1,NAD83,181,303
USGS,3.63442E+14,5/25/2022,5.26,Naylor,36.5792222,-90.6129444,1,NAD83,181,303
USGS,3.63442E+14,5/26/2022,5.16,Naylor,36.5792222,-90.6129444,1,NAD83,181,303
USGS,3.63442E+14,5/27/2022,5.21,Naylor,36.5792222,-90.6129444,1,NAD83,181,303
USGS,3.63442E+14,5/28/2022,5.21,Naylor,36.5792222,-90.6129444,1,NAD83,181,303
USGS,3.63442E+14,5/29/2022,5.2,Naylor,36.5792222,-90.6129444,1,NAD83,181,303
USGS,3.63442E+14,5/30/2022,5.29,Naylor,36.5792222,-90.6129444,1,NAD83,181,303
USGS,3.63442E+14,5/31/2022,5.46,Naylor,36.5792222,-90.6129444,1,NAD83,181,303
USGS,3.63442E+14,6/1/2022,5.55,Naylor,36.5792222,-90.6129444,1,NAD83,181,303
USGS,3.63442E+14,6/2/2022,5.65,Naylor,36.5792222,-90.6129444,1,NAD83,181,303
USGS,3.63442E+14,6/3/2022,,Naylor,36.5792222,-90.6129444,1,NAD83,181,303
USGS,3.63442E+14,6/4/2022,,Naylor,36.5792222,-90.6129444,1,NAD83,181,303
USGS,3.63442E+14,6/5/2022,,Naylor,36.5792222,-90.6129444,1,NAD83,181,303
USGS,3.63442E+14,6/6/2022,,Naylor,36.5792222,-90.6129444,1,NAD83,181,303
USGS,3.63442E+14,6/7/2022,,Naylor,36.5792222,-90.6129444,1,NAD83,181,303
USGS,3.63442E+14,6/8/2022,,Naylor,36.5792222,-90.6129444,1,NAD83,181,303
USGS,3.63442E+14,6/9/2022,,Naylor,36.5792222,-90.6129444,1,NAD83,181,303
USGS,3.63442E+14,6/10/2022,,Naylor,36.5792222,-90.6129444,1,NAD83,181,303
USGS,3.63442E+14,6/11/2022,,Naylor,36.5792222,-90.6129444,1,NAD83,181,303
USGS,3.63442E+14,6/12/2022,,Naylor,36.5792222,-90.6129444,1,NAD83,181,303
USGS,3.63442E+14,6/13/2022,,Naylor,36.5792222,-90.6129444,1,NAD83,181,303
USGS,3.63442E+14,6/14/2022,,Naylor,36.5792222,-90.6129444,1,NAD83,181,303
USGS,3.63442E+14,6/15/2022,,Naylor,36.5792222,-90.6129444,1,NAD83,181,303
USGS,3.63442E+14,6/16/2022,,Naylor,36.5792222,-90.6129444,1,NAD83,181,303
USGS,3.63442E+14,6/17/2022,11.38,Naylor,36.5792222,-90.6129444,1,NAD83,181,303
USGS,3.63442E+14,6/18/2022,9.13,Naylor,36.5792222,-90.6129444,1,NAD83,181,303
USGS,3.63442E+14,6/19/2022,8.91,Naylor,36.5792222,-90.6129444,1,NAD83,181,303
USGS,3.63442E+14,6/20/2022,11.42,Naylor,36.5792222,-90.6129444,1,NAD83,181,303
USGS,3.63442E+14,6/21/2022,12.75,Naylor,36.5792222,-90.6129444,1,NAD83,181,303
USGS,3.63442E+14,6/22/2022,12.37,Naylor,36.5792222,-90.6129444,1,NAD83,181,303
USGS,3.63442E+14,6/23/2022,13.98,Naylor,36.5792222,-90.6129444,1,NAD83,181,303
USGS,3.63442E+14,6/24/2022,13.87,Naylor,36.5792222,-90.6129444,1,NAD83,181,303
USGS,3.63442E+14,6/25/2022,14.52,Naylor,36.5792222,-90.6129444,1,NAD83,181,303
USGS,3.63442E+14,6/26/2022,13.32,Naylor,36.5792222,-90.6129444,1,NAD83,181,303
USGS,3.63442E+14,6/27/2022,12.91,Naylor,36.5792222,-90.6129444,1,NAD83,181,303
USGS,3.63442E+14,6/28/2022,14.34,Naylor,36.5792222,-90.6129444,1,NAD83,181,303
USGS,3.63442E+14,6/29/2022,13.43,Naylor,36.5792222,-90.6129444,1,NAD83,181,303
USGS,3.63442E+14,6/30/2022,11.72,Naylor,36.5792222,-90.6129444,1,NAD83,181,303
USGS,3.63442E+14,7/1/2022,11.09,Naylor,36.5792222,-90.6129444,1,NAD83,181,303
USGS,3.63442E+14,7/2/2022,12.24,Naylor,36.5792222,-90.6129444,1,NAD83,181,303
USGS,3.63442E+14,7/3/2022,14.72,Naylor,36.5792222,-90.6129444,1,NAD83,181,303
USGS,3.63442E+14,7/4/2022,14.99,Naylor,36.5792222,-90.6129444,1,NAD83,181,303
USGS,3.63442E+14,7/5/2022,14.9,Naylor,36.5792222,-90.6129444,1,NAD83,181,303
USGS,3.63442E+14,7/6/2022,15.25,Naylor,36.5792222,-90.6129444,1,NAD83,181,303
USGS,3.63442E+14,7/7/2022,15.45,Naylor,36.5792222,-90.6129444,1,NAD83,181,303
USGS,3.63442E+14,7/8/2022,15.75,Naylor,36.5792222,-90.6129444,1,NAD83,181,303
USGS,3.63442E+14,7/9/2022,14.8,Naylor,36.5792222,-90.6129444,1,NAD83,181,303
USGS,3.63442E+14,7/10/2022,14.4,Naylor,36.5792222,-90.6129444,1,NAD83,181,303
USGS,3.63442E+14,7/11/2022,15.36,Naylor,36.5792222,-90.6129444,1,NAD83,181,303
USGS,3.63442E+14,7/12/2022,14.6,Naylor,36.5792222,-90.6129444,1,NAD83,181,303
USGS,3.63442E+14,7/13/2022,14.33,Naylor,36.5792222,-90.6129444,1,NAD83,181,303
USGS,3.63442E+14,7/14/2022,15.56,Naylor,36.5792222,-90.6129444,1,NAD83,181,303
USGS,3.63442E+14,7/15/2022,16.12,Naylor,36.5792222,-90.6129444,1,NAD83,181,303
USGS,3.63442E+14,7/16/2022,15.27,Naylor,36.5792222,-90.6129444,1,NAD83,181,303
USGS,3.63442E+14,7/17/2022,14.28,Naylor,36.5792222,-90.6129444,1,NAD83,181,303
USGS,3.63442E+14,7/18/2022,13.52,Naylor,36.5792222,-90.6129444,1,NAD83,181,303
USGS,3.63442E+14,7/19/2022,13.74,Naylor,36.5792222,-90.6129444,1,NAD83,181,303
USGS,3.63442E+14,7/20/2022,15.34,Naylor,36.5792222,-90.6129444,1,NAD83,181,303
USGS,3.63442E+14,7/21/2022,16.04,Naylor,36.5792222,-90.6129444,1,NAD83,181,303
USGS,3.63442E+14,7/22/2022,16.08,Naylor,36.5792222,-90.6129444,1,NAD83,181,303
USGS,3.63442E+14,7/23/2022,14.57,Naylor,36.5792222,-90.6129444,1,NAD83,181,303
USGS,3.63442E+14,7/24/2022,13.85,Naylor,36.5792222,-90.6129444,1,NAD83,181,303
USGS,3.63442E+14,7/25/2022,14.71,Naylor,36.5792222,-90.6129444,1,NAD83,181,303
USGS,3.63442E+14,7/26/2022,15.3,Naylor,36.5792222,-90.6129444,1,NAD83,181,303
USGS,3.63442E+14,7/27/2022,14.58,Naylor,36.5792222,-90.6129444,1,NAD83,181,303
USGS,3.63442E+14,7/28/2022,14.49,Naylor,36.5792222,-90.6129444,1,NAD83,181,303
USGS,3.63442E+14,7/29/2022,13.18,Naylor,36.5792222,-90.6129444,1,NAD83,181,303
USGS,3.63442E+14,7/30/2022,12.62,Naylor,36.5792222,-90.6129444,1,NAD83,181,303
USGS,3.63442E+14,7/31/2022,12.67,Naylor,36.5792222,-90.6129444,1,NAD83,181,303
USGS,3.63442E+14,8/1/2022,14.91,Naylor,36.5792222,-90.6129444,1,NAD83,181,303
USGS,3.63442E+14,8/2/2022,14.17,Naylor,36.5792222,-90.6129444,1,NAD83,181,303
USGS,3.63442E+14,8/3/2022,12.89,Naylor,36.5792222,-90.6129444,1,NAD83,181,303
USGS,3.63442E+14,8/4/2022,12.41,Naylor,36.5792222,-90.6129444,1,NAD83,181,303
USGS,3.63442E+14,8/5/2022,13.73,Naylor,36.5792222,-90.6129444,1,NAD83,181,303
USGS,3.63442E+14,8/6/2022,15.14,Naylor,36.5792222,-90.6129444,1,NAD83,181,303
USGS,3.63442E+14,8/7/2022,15.5,Naylor,36.5792222,-90.6129444,1,NAD83,181,303
USGS,3.63442E+14,8/8/2022,14.62,Naylor,36.5792222,-90.6129444,1,NAD83,181,303
USGS,3.63442E+14,8/9/2022,13.38,Naylor,36.5792222,-90.6129444,1,NAD83,181,303
USGS,3.63442E+14,8/10/2022,14.33,Naylor,36.5792222,-90.6129444,1,NAD83,181,303
USGS,3.63442E+14,8/11/2022,15.54,Naylor,36.5792222,-90.6129444,1,NAD83,181,303
USGS,3.63442E+14,8/12/2022,16.02,Naylor,36.5792222,-90.6129444,1,NAD83,181,303
USGS,3.63442E+14,8/13/2022,15.15,Naylor,36.5792222,-90.6129444,1,NAD83,181,303
USGS,3.63442E+14,8/14/2022,13.95,Naylor,36.5792222,-90.6129444,1,NAD83,181,303
USGS,3.63442E+14,8/15/2022,14.35,Naylor,36.5792222,-90.6129444,1,NAD83,181,303
USGS,3.63442E+14,8/16/2022,15.71,Naylor,36.5792222,-90.6129444,1,NAD83,181,303
USGS,3.63442E+14,8/17/2022,15.13,Naylor,36.5792222,-90.6129444,1,NAD83,181,303
USGS,3.63442E+14,8/18/2022,15.03,Naylor,36.5792222,-90.6129444,1,NAD83,181,303
USGS,3.63442E+14,8/19/2022,14.95,Naylor,36.5792222,-90.6129444,1,NAD83,181,303
USGS,3.63442E+14,8/20/2022,14.71,Naylor,36.5792222,-90.6129444,1,NAD83,181,303
USGS,3.63551E+14,8/21/2021,28.7,Qulin,36.5984722,-90.2603889,1,NAD83,23,315
USGS,3.63551E+14,8/22/2021,28.62,Qulin,36.5984722,-90.2603889,1,NAD83,23,315
USGS,3.63551E+14,8/23/2021,28.57,Qulin,36.5984722,-90.2603889,1,NAD83,23,315
USGS,3.63551E+14,8/24/2021,28.53,Qulin,36.5984722,-90.2603889,1,NAD83,23,315
USGS,3.63551E+14,8/25/2021,28.52,Qulin,36.5984722,-90.2603889,1,NAD83,23,315
USGS,3.63551E+14,8/26/2021,28.56,Qulin,36.5984722,-90.2603889,1,NAD83,23,315
USGS,3.63551E+14,8/27/2021,28.69,Qulin,36.5984722,-90.2603889,1,NAD83,23,315
USGS,3.63551E+14,8/28/2021,28.78,Qulin,36.5984722,-90.2603889,1,NAD83,23,315
USGS,3.63551E+14,8/29/2021,28.82,Qulin,36.5984722,-90.2603889,1,NAD83,23,315
USGS,3.63551E+14,8/30/2021,28.86,Qulin,36.5984722,-90.2603889,1,NAD83,23,315
USGS,3.63551E+14,8/31/2021,28.93,Qulin,36.5984722,-90.2603889,1,NAD83,23,315
USGS,3.63551E+14,9/1/2021,29.03,Qulin,36.5984722,-90.2603889,1,NAD83,23,315
USGS,3.63551E+14,9/2/2021,29.18,Qulin,36.5984722,-90.2603889,1,NAD83,23,315
USGS,3.63551E+14,9/3/2021,29.28,Qulin,36.5984722,-90.2603889,1,NAD83,23,315
USGS,3.63551E+14,9/4/2021,29.32,Qulin,36.5984722,-90.2603889,1,NAD83,23,315
USGS,3.63551E+14,9/5/2021,29.32,Qulin,36.5984722,-90.2603889,1,NAD83,23,315
USGS,3.63551E+14,9/6/2021,29.28,Qulin,36.5984722,-90.2603889,1,NAD83,23,315
USGS,3.63551E+14,9/7/2021,29.19,Qulin,36.5984722,-90.2603889,1,NAD83,23,315
USGS,3.63551E+14,9/8/2021,29.11,Qulin,36.5984722,-90.2603889,1,NAD83,23,315
USGS,3.63551E+14,9/9/2021,29.04,Qulin,36.5984722,-90.2603889,1,NAD83,23,315
USGS,3.63551E+14,9/10/2021,29,Qulin,36.5984722,-90.2603889,1,NAD83,23,315
USGS,3.63551E+14,9/11/2021,28.99,Qulin,36.5984722,-90.2603889,1,NAD83,23,315
USGS,3.63551E+14,9/12/2021,28.96,Qulin,36.5984722,-90.2603889,1,NAD83,23,315
USGS,3.63551E+14,9/13/2021,28.93,Qulin,36.5984722,-90.2603889,1,NAD83,23,315
USGS,3.63551E+14,9/14/2021,28.89,Qulin,36.5984722,-90.2603889,1,NAD83,23,315
USGS,3.63551E+14,9/15/2021,28.86,Qulin,36.5984722,-90.2603889,1,NAD83,23,315
USGS,3.63551E+14,9/16/2021,28.84,Qulin,36.5984722,-90.2603889,1,NAD83,23,315
USGS,3.63551E+14,9/17/2021,28.86,Qulin,36.5984722,-90.2603889,1,NAD83,23,315
USGS,3.63551E+14,9/18/2021,28.82,Qulin,36.5984722,-90.2603889,1,NAD83,23,315
USGS,3.63551E+14,9/19/2021,28.73,Qulin,36.5984722,-90.2603889,1,NAD83,23,315
USGS,3.63551E+14,9/20/2021,28.64,Qulin,36.5984722,-90.2603889,1,NAD83,23,315
USGS,3.63551E+14,9/21/2021,28.56,Qulin,36.5984722,-90.2603889,1,NAD83,23,315
USGS,3.63551E+14,9/22/2021,28.47,Qulin,36.5984722,-90.2603889,1,NAD83,23,315
USGS,3.63551E+14,9/23/2021,28.39,Qulin,36.5984722,-90.2603889,1,NAD83,23,315
USGS,3.63551E+14,9/24/2021,28.34,Qulin,36.5984722,-90.2603889,1,NAD83,23,315
USGS,3.63551E+14,9/25/2021,28.26,Qulin,36.5984722,-90.2603889,1,NAD83,23,315
USGS,3.63551E+14,9/26/2021,28.14,Qulin,36.5984722,-90.2603889,1,NAD83,23,315
USGS,3.63551E+14,9/27/2021,28.07,Qulin,36.5984722,-90.2603889,1,NAD83,23,315
USGS,3.63551E+14,9/28/2021,28.03,Qulin,36.5984722,-90.2603889,1,NAD83,23,315
USGS,3.63551E+14,9/29/2021,27.96,Qulin,36.5984722,-90.2603889,1,NAD83,23,315
USGS,3.63551E+14,9/30/2021,27.89,Qulin,36.5984722,-90.2603889,1,NAD83,23,315
USGS,3.63551E+14,10/1/2021,27.8,Qulin,36.5984722,-90.2603889,1,NAD83,23,315
USGS,3.63551E+14,10/2/2021,27.71,Qulin,36.5984722,-90.2603889,1,NAD83,23,315
USGS,3.63551E+14,10/3/2021,27.62,Qulin,36.5984722,-90.2603889,1,NAD83,23,315
USGS,3.63551E+14,10/4/2021,27.54,Qulin,36.5984722,-90.2603889,1,NAD83,23,315
USGS,3.63551E+14,10/5/2021,27.45,Qulin,36.5984722,-90.2603889,1,NAD83,23,315
USGS,3.63551E+14,10/6/2021,27.37,Qulin,36.5984722,-90.2603889,1,NAD83,23,315
USGS,3.63551E+14,10/7/2021,27.29,Qulin,36.5984722,-90.2603889,1,NAD83,23,315
USGS,3.63551E+14,10/8/2021,27.2,Qulin,36.5984722,-90.2603889,1,NAD83,23,315
USGS,3.63551E+14,10/9/2021,27.12,Qulin,36.5984722,-90.2603889,1,NAD83,23,315
USGS,3.63551E+14,10/10/2021,27.04,Qulin,36.5984722,-90.2603889,1,NAD83,23,315
USGS,3.63551E+14,10/11/2021,26.96,Qulin,36.5984722,-90.2603889,1,NAD83,23,315
USGS,3.63551E+14,10/12/2021,26.88,Qulin,36.5984722,-90.2603889,1,NAD83,23,315
USGS,3.63551E+14,10/13/2021,26.79,Qulin,36.5984722,-90.2603889,1,NAD83,23,315
USGS,3.63551E+14,10/14/2021,26.71,Qulin,36.5984722,-90.2603889,1,NAD83,23,315
USGS,3.63551E+14,10/15/2021,26.63,Qulin,36.5984722,-90.2603889,1,NAD83,23,315
USGS,3.63551E+14,10/16/2021,26.55,Qulin,36.5984722,-90.2603889,1,NAD83,23,315
USGS,3.63551E+14,10/17/2021,26.47,Qulin,36.5984722,-90.2603889,1,NAD83,23,315
USGS,3.63551E+14,10/18/2021,26.39,Qulin,36.5984722,-90.2603889,1,NAD83,23,315
USGS,3.63551E+14,10/19/2021,26.32,Qulin,36.5984722,-90.2603889,1,NAD83,23,315
USGS,3.63551E+14,10/20/2021,26.25,Qulin,36.5984722,-90.2603889,1,NAD83,23,315
USGS,3.63551E+14,10/21/2021,26.17,Qulin,36.5984722,-90.2603889,1,NAD83,23,315
USGS,3.63551E+14,10/22/2021,26.1,Qulin,36.5984722,-90.2603889,1,NAD83,23,315
USGS,3.63551E+14,10/23/2021,26.03,Qulin,36.5984722,-90.2603889,1,NAD83,23,315
USGS,3.63551E+14,10/24/2021,25.95,Qulin,36.5984722,-90.2603889,1,NAD83,23,315
USGS,3.63551E+14,10/25/2021,25.88,Qulin,36.5984722,-90.2603889,1,NAD83,23,315
USGS,3.63551E+14,10/26/2021,25.8,Qulin,36.5984722,-90.2603889,1,NAD83,23,315
USGS,3.63551E+14,10/27/2021,25.73,Qulin,36.5984722,-90.2603889,1,NAD83,23,315
USGS,3.63551E+14,10/28/2021,25.66,Qulin,36.5984722,-90.2603889,1,NAD83,23,315
USGS,3.63551E+14,10/29/2021,25.58,Qulin,36.5984722,-90.2603889,1,NAD83,23,315
USGS,3.63551E+14,10/30/2021,25.51,Qulin,36.5984722,-90.2603889,1,NAD83,23,315
USGS,3.63551E+14,10/31/2021,25.44,Qulin,36.5984722,-90.2603889,1,NAD83,23,315
USGS,3.63551E+14,11/1/2021,25.37,Qulin,36.5984722,-90.2603889,1,NAD83,23,315
USGS,3.63551E+14,11/2/2021,25.31,Qulin,36.5984722,-90.2603889,1,NAD83,23,315
USGS,3.63551E+14,11/3/2021,25.24,Qulin,36.5984722,-90.2603889,1,NAD83,23,315
USGS,3.63551E+14,11/4/2021,25.18,Qulin,36.5984722,-90.2603889,1,NAD83,23,315
USGS,3.63551E+14,11/5/2021,25.11,Qulin,36.5984722,-90.2603889,1,NAD83,23,315
USGS,3.63551E+14,11/6/2021,25.04,Qulin,36.5984722,-90.2603889,1,NAD83,23,315
USGS,3.63551E+14,11/7/2021,24.98,Qulin,36.5984722,-90.2603889,1,NAD83,23,315
USGS,3.63551E+14,11/8/2021,24.91,Qulin,36.5984722,-90.2603889,1,NAD83,23,315
USGS,3.63551E+14,11/9/2021,24.85,Qulin,36.5984722,-90.2603889,1,NAD83,23,315
USGS,3.63551E+14,11/10/2021,24.79,Qulin,36.5984722,-90.2603889,1,NAD83,23,315
USGS,3.63551E+14,11/11/2021,24.72,Qulin,36.5984722,-90.2603889,1,NAD83,23,315
USGS,3.63551E+14,11/12/2021,24.66,Qulin,36.5984722,-90.2603889,1,NAD83,23,315
USGS,3.63551E+14,11/13/2021,24.6,Qulin,36.5984722,-90.2603889,1,NAD83,23,315
USGS,3.63551E+14,11/14/2021,24.54,Qulin,36.5984722,-90.2603889,1,NAD83,23,315
USGS,3.63551E+14,11/15/2021,24.48,Qulin,36.5984722,-90.2603889,1,NAD83,23,315
USGS,3.63551E+14,11/16/2021,24.42,Qulin,36.5984722,-90.2603889,1,NAD83,23,315
USGS,3.63551E+14,11/17/2021,24.36,Qulin,36.5984722,-90.2603889,1,NAD83,23,315
USGS,3.63551E+14,11/18/2021,24.31,Qulin,36.5984722,-90.2603889,1,NAD83,23,315
USGS,3.63551E+14,11/19/2021,24.25,Qulin,36.5984722,-90.2603889,1,NAD83,23,315
USGS,3.63551E+14,11/20/2021,24.2,Qulin,36.5984722,-90.2603889,1,NAD83,23,315
USGS,3.63551E+14,11/21/2021,24.14,Qulin,36.5984722,-90.2603889,1,NAD83,23,315
USGS,3.63551E+14,11/22/2021,24.08,Qulin,36.5984722,-90.2603889,1,NAD83,23,315
USGS,3.63551E+14,11/23/2021,24.03,Qulin,36.5984722,-90.2603889,1,NAD83,23,315
USGS,3.63551E+14,11/24/2021,23.98,Qulin,36.5984722,-90.2603889,1,NAD83,23,315
USGS,3.63551E+14,11/25/2021,23.92,Qulin,36.5984722,-90.2603889,1,NAD83,23,315
USGS,3.63551E+14,11/26/2021,23.86,Qulin,36.5984722,-90.2603889,1,NAD83,23,315
USGS,3.63551E+14,11/27/2021,23.81,Qulin,36.5984722,-90.2603889,1,NAD83,23,315
USGS,3.63551E+14,11/28/2021,23.75,Qulin,36.5984722,-90.2603889,1,NAD83,23,315
USGS,3.63551E+14,11/29/2021,23.7,Qulin,36.5984722,-90.2603889,1,NAD83,23,315
USGS,3.63551E+14,11/30/2021,23.65,Qulin,36.5984722,-90.2603889,1,NAD83,23,315
USGS,3.63551E+14,12/1/2021,23.6,Qulin,36.5984722,-90.2603889,1,NAD83,23,315
USGS,3.63551E+14,12/2/2021,23.56,Qulin,36.5984722,-90.2603889,1,NAD83,23,315
USGS,3.63551E+14,12/3/2021,23.51,Qulin,36.5984722,-90.2603889,1,NAD83,23,315
USGS,3.63551E+14,12/4/2021,23.46,Qulin,36.5984722,-90.2603889,1,NAD83,23,315
USGS,3.63551E+14,12/5/2021,23.42,Qulin,36.5984722,-90.2603889,1,NAD83,23,315
USGS,3.63551E+14,12/6/2021,23.37,Qulin,36.5984722,-90.2603889,1,NAD83,23,315
USGS,3.63551E+14,12/7/2021,,Qulin,36.5984722,-90.2603889,1,NAD83,23,315
USGS,3.63551E+14,12/8/2021,,Qulin,36.5984722,-90.2603889,1,NAD83,23,315
USGS,3.63551E+14,12/9/2021,,Qulin,36.5984722,-90.2603889,1,NAD83,23,315
USGS,3.63551E+14,12/10/2021,,Qulin,36.5984722,-90.2603889,1,NAD83,23,315
USGS,3.63551E+14,12/11/2021,,Qulin,36.5984722,-90.2603889,1,NAD83,23,315
USGS,3.63551E+14,12/12/2021,,Qulin,36.5984722,-90.2603889,1,NAD83,23,315
USGS,3.63551E+14,12/13/2021,,Qulin,36.5984722,-90.2603889,1,NAD83,23,315
USGS,3.63551E+14,12/14/2021,,Qulin,36.5984722,-90.2603889,1,NAD83,23,315
USGS,3.63551E+14,12/15/2021,,Qulin,36.5984722,-90.2603889,1,NAD83,23,315
USGS,3.63551E+14,12/16/2021,,Qulin,36.5984722,-90.2603889,1,NAD83,23,315
USGS,3.63551E+14,12/17/2021,,Qulin,36.5984722,-90.2603889,1,NAD83,23,315
USGS,3.63551E+14,12/18/2021,,Qulin,36.5984722,-90.2603889,1,NAD83,23,315
USGS,3.63551E+14,12/19/2021,,Qulin,36.5984722,-90.2603889,1,NAD83,23,315
USGS,3.63551E+14,12/20/2021,,Qulin,36.5984722,-90.2603889,1,NAD83,23,315
USGS,3.63551E+14,12/21/2021,,Qulin,36.5984722,-90.2603889,1,NAD83,23,315
USGS,3.63551E+14,12/22/2021,,Qulin,36.5984722,-90.2603889,1,NAD83,23,315
USGS,3.63551E+14,12/23/2021,,Qulin,36.5984722,-90.2603889,1,NAD83,23,315
USGS,3.63551E+14,12/24/2021,,Qulin,36.5984722,-90.2603889,1,NAD83,23,315
USGS,3.63551E+14,12/25/2021,,Qulin,36.5984722,-90.2603889,1,NAD83,23,315
USGS,3.63551E+14,12/26/2021,,Qulin,36.5984722,-90.2603889,1,NAD83,23,315
USGS,3.63551E+14,12/27/2021,,Qulin,36.5984722,-90.2603889,1,NAD83,23,315
USGS,3.63551E+14,12/28/2021,,Qulin,36.5984722,-90.2603889,1,NAD83,23,315
USGS,3.63551E+14,12/29/2021,,Qulin,36.5984722,-90.2603889,1,NAD83,23,315
USGS,3.63551E+14,12/30/2021,,Qulin,36.5984722,-90.2603889,1,NAD83,23,315
USGS,3.63551E+14,12/31/2021,,Qulin,36.5984722,-90.2603889,1,NAD83,23,315
USGS,3.63551E+14,1/1/2022,,Qulin,36.5984722,-90.2603889,1,NAD83,23,315
USGS,3.63551E+14,1/2/2022,,Qulin,36.5984722,-90.2603889,1,NAD83,23,315
USGS,3.63551E+14,1/3/2022,,Qulin,36.5984722,-90.2603889,1,NAD83,23,315
USGS,3.63551E+14,1/4/2022,,Qulin,36.5984722,-90.2603889,1,NAD83,23,315
USGS,3.63551E+14,1/5/2022,,Qulin,36.5984722,-90.2603889,1,NAD83,23,315
USGS,3.63551E+14,1/6/2022,,Qulin,36.5984722,-90.2603889,1,NAD83,23,315
USGS,3.63551E+14,1/7/2022,,Qulin,36.5984722,-90.2603889,1,NAD83,23,315
USGS,3.63551E+14,1/8/2022,,Qulin,36.5984722,-90.2603889,1,NAD83,23,315
USGS,3.63551E+14,1/9/2022,,Qulin,36.5984722,-90.2603889,1,NAD83,23,315
USGS,3.63551E+14,1/10/2022,,Qulin,36.5984722,-90.2603889,1,NAD83,23,315
USGS,3.63551E+14,1/11/2022,,Qulin,36.5984722,-90.2603889,1,NAD83,23,315
USGS,3.63551E+14,1/12/2022,,Qulin,36.5984722,-90.2603889,1,NAD83,23,315
USGS,3.63551E+14,1/13/2022,18.25,Qulin,36.5984722,-90.2603889,1,NAD83,23,315
USGS,3.63551E+14,1/14/2022,18.29,Qulin,36.5984722,-90.2603889,1,NAD83,23,315
USGS,3.63551E+14,1/15/2022,18.25,Qulin,36.5984722,-90.2603889,1,NAD83,23,315
USGS,3.63551E+14,1/16/2022,18.14,Qulin,36.5984722,-90.2603889,1,NAD83,23,315
USGS,3.63551E+14,1/17/2022,18.14,Qulin,36.5984722,-90.2603889,1,NAD83,23,315
USGS,3.63551E+14,1/18/2022,18.14,Qulin,36.5984722,-90.2603889,1,NAD83,23,315
USGS,3.63551E+14,1/19/2022,18.15,Qulin,36.5984722,-90.2603889,1,NAD83,23,315
USGS,3.63551E+14,1/20/2022,18.35,Qulin,36.5984722,-90.2603889,1,NAD83,23,315
USGS,3.63551E+14,1/21/2022,18.32,Qulin,36.5984722,-90.2603889,1,NAD83,23,315
USGS,3.63551E+14,1/22/2022,18.26,Qulin,36.5984722,-90.2603889,1,NAD83,23,315
USGS,3.63551E+14,1/23/2022,18.1,Qulin,36.5984722,-90.2603889,1,NAD83,23,315
USGS,3.63551E+14,1/24/2022,18.02,Qulin,36.5984722,-90.2603889,1,NAD83,23,315
USGS,3.63551E+14,1/25/2022,18.21,Qulin,36.5984722,-90.2603889,1,NAD83,23,315
USGS,3.63551E+14,1/26/2022,18.32,Qulin,36.5984722,-90.2603889,1,NAD83,23,315
USGS,3.63551E+14,1/27/2022,18.23,Qulin,36.5984722,-90.2603889,1,NAD83,23,315
USGS,3.63551E+14,1/28/2022,18.22,Qulin,36.5984722,-90.2603889,1,NAD83,23,315
USGS,3.63551E+14,1/29/2022,18.21,Qulin,36.5984722,-90.2603889,1,NAD83,23,315
USGS,3.63551E+14,1/30/2022,18.13,Qulin,36.5984722,-90.2603889,1,NAD83,23,315
USGS,3.63551E+14,1/31/2022,18.19,Qulin,36.5984722,-90.2603889,1,NAD83,23,315
USGS,3.63551E+14,2/1/2022,18.18,Qulin,36.5984722,-90.2603889,1,NAD83,23,315
USGS,3.63551E+14,2/2/2022,18.16,Qulin,36.5984722,-90.2603889,1,NAD83,23,315
USGS,3.63551E+14,2/3/2022,18.19,Qulin,36.5984722,-90.2603889,1,NAD83,23,315
USGS,3.63551E+14,2/4/2022,18.25,Qulin,36.5984722,-90.2603889,1,NAD83,23,315
USGS,3.63551E+14,2/5/2022,18.24,Qulin,36.5984722,-90.2603889,1,NAD83,23,315
USGS,3.63551E+14,2/6/2022,18.13,Qulin,36.5984722,-90.2603889,1,NAD83,23,315
USGS,3.63551E+14,2/7/2022,18.1,Qulin,36.5984722,-90.2603889,1,NAD83,23,315
USGS,3.63551E+14,2/8/2022,18,Qulin,36.5984722,-90.2603889,1,NAD83,23,315
USGS,3.63551E+14,2/9/2022,17.85,Qulin,36.5984722,-90.2603889,1,NAD83,23,315
USGS,3.63551E+14,2/10/2022,17.82,Qulin,36.5984722,-90.2603889,1,NAD83,23,315
USGS,3.63551E+14,2/11/2022,17.66,Qulin,36.5984722,-90.2603889,1,NAD83,23,315
USGS,3.63551E+14,2/12/2022,17.88,Qulin,36.5984722,-90.2603889,1,NAD83,23,315
USGS,3.63551E+14,2/13/2022,17.81,Qulin,36.5984722,-90.2603889,1,NAD83,23,315
USGS,3.63551E+14,2/14/2022,17.73,Qulin,36.5984722,-90.2603889,1,NAD83,23,315
USGS,3.63551E+14,2/15/2022,17.67,Qulin,36.5984722,-90.2603889,1,NAD83,23,315
USGS,3.63551E+14,2/16/2022,17.56,Qulin,36.5984722,-90.2603889,1,NAD83,23,315
USGS,3.63551E+14,2/17/2022,17.4,Qulin,36.5984722,-90.2603889,1,NAD83,23,315
USGS,3.63551E+14,2/18/2022,17.55,Qulin,36.5984722,-90.2603889,1,NAD83,23,315
USGS,3.63551E+14,2/19/2022,17.35,Qulin,36.5984722,-90.2603889,1,NAD83,23,315
USGS,3.63551E+14,2/20/2022,17.07,Qulin,36.5984722,-90.2603889,1,NAD83,23,315
USGS,3.63551E+14,2/21/2022,16.88,Qulin,36.5984722,-90.2603889,1,NAD83,23,315
USGS,3.63551E+14,2/22/2022,16.75,Qulin,36.5984722,-90.2603889,1,NAD83,23,315
USGS,3.63551E+14,2/23/2022,16.88,Qulin,36.5984722,-90.2603889,1,NAD83,23,315
USGS,3.63551E+14,2/24/2022,16.58,Qulin,36.5984722,-90.2603889,1,NAD83,23,315
USGS,3.63551E+14,2/25/2022,16.61,Qulin,36.5984722,-90.2603889,1,NAD83,23,315
USGS,3.63551E+14,2/26/2022,16.48,Qulin,36.5984722,-90.2603889,1,NAD83,23,315
USGS,3.63551E+14,2/27/2022,16.23,Qulin,36.5984722,-90.2603889,1,NAD83,23,315
USGS,3.63551E+14,2/28/2022,16.13,Qulin,36.5984722,-90.2603889,1,NAD83,23,315
USGS,3.63551E+14,3/1/2022,16.04,Qulin,36.5984722,-90.2603889,1,NAD83,23,315
USGS,3.63551E+14,3/2/2022,16.03,Qulin,36.5984722,-90.2603889,1,NAD83,23,315
USGS,3.63551E+14,3/3/2022,16.06,Qulin,36.5984722,-90.2603889,1,NAD83,23,315
USGS,3.63551E+14,3/4/2022,16.06,Qulin,36.5984722,-90.2603889,1,NAD83,23,315
USGS,3.63551E+14,3/5/2022,15.93,Qulin,36.5984722,-90.2603889,1,NAD83,23,315
USGS,3.63551E+14,3/6/2022,15.87,Qulin,36.5984722,-90.2603889,1,NAD83,23,315
USGS,3.63551E+14,3/7/2022,15.87,Qulin,36.5984722,-90.2603889,1,NAD83,23,315
USGS,3.63551E+14,3/8/2022,15.81,Qulin,36.5984722,-90.2603889,1,NAD83,23,315
USGS,3.63551E+14,3/9/2022,15.61,Qulin,36.5984722,-90.2603889,1,NAD83,23,315
USGS,3.63551E+14,3/10/2022,15.58,Qulin,36.5984722,-90.2603889,1,NAD83,23,315
USGS,3.63551E+14,3/11/2022,15.55,Qulin,36.5984722,-90.2603889,1,NAD83,23,315
USGS,3.63551E+14,3/12/2022,15.65,Qulin,36.5984722,-90.2603889,1,NAD83,23,315
USGS,3.63551E+14,3/13/2022,15.57,Qulin,36.5984722,-90.2603889,1,NAD83,23,315
USGS,3.63551E+14,3/14/2022,15.53,Qulin,36.5984722,-90.2603889,1,NAD83,23,315
USGS,3.63551E+14,3/15/2022,15.48,Qulin,36.5984722,-90.2603889,1,NAD83,23,315
USGS,3.63551E+14,3/16/2022,15.37,Qulin,36.5984722,-90.2603889,1,NAD83,23,315
USGS,3.63551E+14,3/17/2022,15.3,Qulin,36.5984722,-90.2603889,1,NAD83,23,315
USGS,3.63551E+14,3/18/2022,15.2,Qulin,36.5984722,-90.2603889,1,NAD83,23,315
USGS,3.63551E+14,3/19/2022,15.36,Qulin,36.5984722,-90.2603889,1,NAD83,23,315
USGS,3.63551E+14,3/20/2022,15.46,Qulin,36.5984722,-90.2603889,1,NAD83,23,315
USGS,3.63551E+14,3/21/2022,15.38,Qulin,36.5984722,-90.2603889,1,NAD83,23,315
USGS,3.63551E+14,3/22/2022,15.17,Qulin,36.5984722,-90.2603889,1,NAD83,23,315
USGS,3.63551E+14,3/23/2022,15.03,Qulin,36.5984722,-90.2603889,1,NAD83,23,315
USGS,3.63551E+14,3/24/2022,15.11,Qulin,36.5984722,-90.2603889,1,NAD83,23,315
USGS,3.63551E+14,3/25/2022,15.12,Qulin,36.5984722,-90.2603889,1,NAD83,23,315
USGS,3.63551E+14,3/26/2022,15.11,Qulin,36.5984722,-90.2603889,1,NAD83,23,315
USGS,3.63551E+14,3/27/2022,15.16,Qulin,36.5984722,-90.2603889,1,NAD83,23,315
USGS,3.63551E+14,3/28/2022,15.14,Qulin,36.5984722,-90.2603889,1,NAD83,23,315
USGS,3.63551E+14,3/29/2022,14.98,Qulin,36.5984722,-90.2603889,1,NAD83,23,315
USGS,3.63551E+14,3/30/2022,14.73,Qulin,36.5984722,-90.2603889,1,NAD83,23,315
USGS,3.63551E+14,3/31/2022,14.83,Qulin,36.5984722,-90.2603889,1,NAD83,23,315
USGS,3.63551E+14,4/1/2022,14.95,Qulin,36.5984722,-90.2603889,1,NAD83,23,315
USGS,3.63551E+14,4/2/2022,14.82,Qulin,36.5984722,-90.2603889,1,NAD83,23,315
USGS,3.63551E+14,4/3/2022,14.77,Qulin,36.5984722,-90.2603889,1,NAD83,23,315
USGS,3.63551E+14,4/4/2022,14.62,Qulin,36.5984722,-90.2603889,1,NAD83,23,315
USGS,3.63551E+14,4/5/2022,14.43,Qulin,36.5984722,-90.2603889,1,NAD83,23,315
USGS,3.63551E+14,4/6/2022,14.44,Qulin,36.5984722,-90.2603889,1,NAD83,23,315
USGS,3.63551E+14,4/7/2022,14.51,Qulin,36.5984722,-90.2603889,1,NAD83,23,315
USGS,3.63551E+14,4/8/2022,14.51,Qulin,36.5984722,-90.2603889,1,NAD83,23,315
USGS,3.63551E+14,4/9/2022,14.53,Qulin,36.5984722,-90.2603889,1,NAD83,23,315
USGS,3.63551E+14,4/10/2022,14.41,Qulin,36.5984722,-90.2603889,1,NAD83,23,315
USGS,3.63551E+14,4/11/2022,14.4,Qulin,36.5984722,-90.2603889,1,NAD83,23,315
USGS,3.63551E+14,4/12/2022,14.32,Qulin,36.5984722,-90.2603889,1,NAD83,23,315
USGS,3.63551E+14,4/13/2022,14.02,Qulin,36.5984722,-90.2603889,1,NAD83,23,315
USGS,3.63551E+14,4/14/2022,14.07,Qulin,36.5984722,-90.2603889,1,NAD83,23,315
USGS,3.63551E+14,4/15/2022,13.84,Qulin,36.5984722,-90.2603889,1,NAD83,23,315
USGS,3.63551E+14,4/16/2022,13.76,Qulin,36.5984722,-90.2603889,1,NAD83,23,315
USGS,3.63551E+14,4/17/2022,13.71,Qulin,36.5984722,-90.2603889,1,NAD83,23,315
USGS,3.63551E+14,4/18/2022,13.67,Qulin,36.5984722,-90.2603889,1,NAD83,23,315
USGS,3.63551E+14,4/19/2022,13.67,Qulin,36.5984722,-90.2603889,1,NAD83,23,315
USGS,3.63551E+14,4/20/2022,13.5,Qulin,36.5984722,-90.2603889,1,NAD83,23,315
USGS,3.63551E+14,4/21/2022,13.53,Qulin,36.5984722,-90.2603889,1,NAD83,23,315
USGS,3.63551E+14,4/22/2022,13.51,Qulin,36.5984722,-90.2603889,1,NAD83,23,315
USGS,3.63551E+14,4/23/2022,13.32,Qulin,36.5984722,-90.2603889,1,NAD83,23,315
USGS,3.63551E+14,4/24/2022,13.27,Qulin,36.5984722,-90.2603889,1,NAD83,23,315
USGS,3.63551E+14,4/25/2022,13.35,Qulin,36.5984722,-90.2603889,1,NAD83,23,315
USGS,3.63551E+14,4/26/2022,13.47,Qulin,36.5984722,-90.2603889,1,NAD83,23,315
USGS,3.63551E+14,4/27/2022,13.36,Qulin,36.5984722,-90.2603889,1,NAD83,23,315
USGS,3.63551E+14,4/28/2022,13.22,Qulin,36.5984722,-90.2603889,1,NAD83,23,315
USGS,3.63551E+14,4/29/2022,13.14,Qulin,36.5984722,-90.2603889,1,NAD83,23,315
USGS,3.63551E+14,4/30/2022,13.12,Qulin,36.5984722,-90.2603889,1,NAD83,23,315
USGS,3.63551E+14,5/1/2022,13.28,Qulin,36.5984722,-90.2603889,1,NAD83,23,315
USGS,3.63551E+14,5/2/2022,13.34,Qulin,36.5984722,-90.2603889,1,NAD83,23,315
USGS,3.63551E+14,5/3/2022,13.17,Qulin,36.5984722,-90.2603889,1,NAD83,23,315
USGS,3.63551E+14,5/4/2022,13.23,Qulin,36.5984722,-90.2603889,1,NAD83,23,315
USGS,3.63551E+14,5/5/2022,13,Qulin,36.5984722,-90.2603889,1,NAD83,23,315
USGS,3.63551E+14,5/6/2022,12.74,Qulin,36.5984722,-90.2603889,1,NAD83,23,315
USGS,3.63551E+14,5/7/2022,12.77,Qulin,36.5984722,-90.2603889,1,NAD83,23,315
USGS,3.63551E+14,5/8/2022,12.74,Qulin,36.5984722,-90.2603889,1,NAD83,23,315
USGS,3.63551E+14,5/9/2022,12.72,Qulin,36.5984722,-90.2603889,1,NAD83,23,315
USGS,3.63551E+14,5/10/2022,12.85,Qulin,36.5984722,-90.2603889,1,NAD83,23,315
USGS,3.63551E+14,5/11/2022,12.91,Qulin,36.5984722,-90.2603889,1,NAD83,23,315
USGS,3.63551E+14,5/12/2022,12.86,Qulin,36.5984722,-90.2603889,1,NAD83,23,315
USGS,3.63551E+14,5/13/2022,12.8,Qulin,36.5984722,-90.2603889,1,NAD83,23,315
USGS,3.63551E+14,5/14/2022,12.82,Qulin,36.5984722,-90.2603889,1,NAD83,23,315
USGS,3.63551E+14,5/15/2022,12.83,Qulin,36.5984722,-90.2603889,1,NAD83,23,315
USGS,3.63551E+14,5/16/2022,12.88,Qulin,36.5984722,-90.2603889,1,NAD83,23,315
USGS,3.63551E+14,5/17/2022,12.92,Qulin,36.5984722,-90.2603889,1,NAD83,23,315
USGS,3.63551E+14,5/18/2022,12.83,Qulin,36.5984722,-90.2603889,1,NAD83,23,315
USGS,3.63551E+14,5/19/2022,12.73,Qulin,36.5984722,-90.2603889,1,NAD83,23,315
USGS,3.63551E+14,5/20/2022,12.72,Qulin,36.5984722,-90.2603889,1,NAD83,23,315
USGS,3.63551E+14,5/21/2022,12.91,Qulin,36.5984722,-90.2603889,1,NAD83,23,315
USGS,3.63551E+14,5/22/2022,13.04,Qulin,36.5984722,-90.2603889,1,NAD83,23,315
USGS,3.63551E+14,5/23/2022,12.87,Qulin,36.5984722,-90.2603889,1,NAD83,23,315
USGS,3.63551E+14,5/24/2022,12.71,Qulin,36.5984722,-90.2603889,1,NAD83,23,315
USGS,3.63551E+14,5/25/2022,12.6,Qulin,36.5984722,-90.2603889,1,NAD83,23,315
USGS,3.63551E+14,5/26/2022,12.58,Qulin,36.5984722,-90.2603889,1,NAD83,23,315
USGS,3.63551E+14,5/27/2022,12.69,Qulin,36.5984722,-90.2603889,1,NAD83,23,315
USGS,3.63551E+14,5/28/2022,12.77,Qulin,36.5984722,-90.2603889,1,NAD83,23,315
USGS,3.63551E+14,5/29/2022,12.8,Qulin,36.5984722,-90.2603889,1,NAD83,23,315
USGS,3.63551E+14,5/30/2022,12.93,Qulin,36.5984722,-90.2603889,1,NAD83,23,315
USGS,3.63551E+14,5/31/2022,13.16,Qulin,36.5984722,-90.2603889,1,NAD83,23,315
USGS,3.63551E+14,6/1/2022,13.29,Qulin,36.5984722,-90.2603889,1,NAD83,23,315
USGS,3.63551E+14,6/2/2022,13.39,Qulin,36.5984722,-90.2603889,1,NAD83,23,315
USGS,3.63551E+14,6/3/2022,13.52,Qulin,36.5984722,-90.2603889,1,NAD83,23,315
USGS,3.63551E+14,6/4/2022,13.61,Qulin,36.5984722,-90.2603889,1,NAD83,23,315
USGS,3.63551E+14,6/5/2022,13.8,Qulin,36.5984722,-90.2603889,1,NAD83,23,315
USGS,3.63551E+14,6/6/2022,14.03,Qulin,36.5984722,-90.2603889,1,NAD83,23,315
USGS,3.63551E+14,6/7/2022,14.37,Qulin,36.5984722,-90.2603889,1,NAD83,23,315
USGS,3.63551E+14,6/8/2022,14.74,Qulin,36.5984722,-90.2603889,1,NAD83,23,315
USGS,3.63551E+14,6/9/2022,14.88,Qulin,36.5984722,-90.2603889,1,NAD83,23,315
USGS,3.63551E+14,6/10/2022,14.54,Qulin,36.5984722,-90.2603889,1,NAD83,23,315
USGS,3.63551E+14,6/11/2022,14.83,Qulin,36.5984722,-90.2603889,1,NAD83,23,315
USGS,3.63551E+14,6/12/2022,14.5,Qulin,36.5984722,-90.2603889,1,NAD83,23,315
USGS,3.63551E+14,6/13/2022,15.46,Qulin,36.5984722,-90.2603889,1,NAD83,23,315
USGS,3.63551E+14,6/14/2022,16.27,Qulin,36.5984722,-90.2603889,1,NAD83,23,315
USGS,3.63551E+14,6/15/2022,17.7,Qulin,36.5984722,-90.2603889,1,NAD83,23,315
USGS,3.63551E+14,6/16/2022,18.99,Qulin,36.5984722,-90.2603889,1,NAD83,23,315
USGS,3.63551E+14,6/17/2022,19.79,Qulin,36.5984722,-90.2603889,1,NAD83,23,315
USGS,3.63551E+14,6/18/2022,19.64,Qulin,36.5984722,-90.2603889,1,NAD83,23,315
USGS,3.63551E+14,6/19/2022,20.15,Qulin,36.5984722,-90.2603889,1,NAD83,23,315
USGS,3.63551E+14,6/20/2022,21.74,Qulin,36.5984722,-90.2603889,1,NAD83,23,315
USGS,3.63551E+14,6/21/2022,24.45,Qulin,36.5984722,-90.2603889,1,NAD83,23,315
USGS,3.63551E+14,6/22/2022,25.49,Qulin,36.5984722,-90.2603889,1,NAD83,23,315
USGS,3.63551E+14,6/23/2022,25.43,Qulin,36.5984722,-90.2603889,1,NAD83,23,315
USGS,3.63551E+14,6/24/2022,25.35,Qulin,36.5984722,-90.2603889,1,NAD83,23,315
USGS,3.63551E+14,6/25/2022,24.92,Qulin,36.5984722,-90.2603889,1,NAD83,23,315
USGS,3.63551E+14,6/26/2022,24.35,Qulin,36.5984722,-90.2603889,1,NAD83,23,315
USGS,3.63551E+14,6/27/2022,25.23,Qulin,36.5984722,-90.2603889,1,NAD83,23,315
USGS,3.63551E+14,6/28/2022,26.06,Qulin,36.5984722,-90.2603889,1,NAD83,23,315
USGS,3.63551E+14,6/29/2022,26.25,Qulin,36.5984722,-90.2603889,1,NAD83,23,315
USGS,3.63551E+14,6/30/2022,27.12,Qulin,36.5984722,-90.2603889,1,NAD83,23,315
USGS,3.63551E+14,7/1/2022,27.59,Qulin,36.5984722,-90.2603889,1,NAD83,23,315
USGS,3.63551E+14,7/2/2022,27.04,Qulin,36.5984722,-90.2603889,1,NAD83,23,315
USGS,3.63551E+14,7/3/2022,26.82,Qulin,36.5984722,-90.2603889,1,NAD83,23,315
USGS,3.63551E+14,7/4/2022,27.12,Qulin,36.5984722,-90.2603889,1,NAD83,23,315
USGS,3.63551E+14,7/5/2022,27.64,Qulin,36.5984722,-90.2603889,1,NAD83,23,315
USGS,3.63551E+14,7/6/2022,,Qulin,36.5984722,-90.2603889,1,NAD83,23,315
USGS,3.63551E+14,7/7/2022,,Qulin,36.5984722,-90.2603889,1,NAD83,23,315
USGS,3.63551E+14,7/8/2022,,Qulin,36.5984722,-90.2603889,1,NAD83,23,315
USGS,3.63551E+14,7/9/2022,,Qulin,36.5984722,-90.2603889,1,NAD83,23,315
USGS,3.63551E+14,7/10/2022,,Qulin,36.5984722,-90.2603889,1,NAD83,23,315
USGS,3.63551E+14,7/11/2022,,Qulin,36.5984722,-90.2603889,1,NAD83,23,315
USGS,3.63551E+14,7/12/2022,,Qulin,36.5984722,-90.2603889,1,NAD83,23,315
USGS,3.63551E+14,7/13/2022,32.54,Qulin,36.5984722,-90.2603889,1,NAD83,23,315
USGS,3.63551E+14,7/14/2022,32,Qulin,36.5984722,-90.2603889,1,NAD83,23,315
USGS,3.63551E+14,7/15/2022,31.7,Qulin,36.5984722,-90.2603889,1,NAD83,23,315
USGS,3.63551E+14,7/16/2022,30.31,Qulin,36.5984722,-90.2603889,1,NAD83,23,315
USGS,3.63551E+14,7/17/2022,28.69,Qulin,36.5984722,-90.2603889,1,NAD83,23,315
USGS,3.63551E+14,7/18/2022,27.88,Qulin,36.5984722,-90.2603889,1,NAD83,23,315
USGS,3.63551E+14,7/19/2022,,Qulin,36.5984722,-90.2603889,1,NAD83,23,315
USGS,3.63551E+14,7/20/2022,,Qulin,36.5984722,-90.2603889,1,NAD83,23,315
USGS,3.63551E+14,7/21/2022,,Qulin,36.5984722,-90.2603889,1,NAD83,23,315
USGS,3.63551E+14,7/22/2022,,Qulin,36.5984722,-90.2603889,1,NAD83,23,315
USGS,3.63551E+14,7/23/2022,,Qulin,36.5984722,-90.2603889,1,NAD83,23,315
USGS,3.63551E+14,7/24/2022,,Qulin,36.5984722,-90.2603889,1,NAD83,23,315
USGS,3.63551E+14,7/25/2022,,Qulin,36.5984722,-90.2603889,1,NAD83,23,315
USGS,3.63551E+14,7/26/2022,,Qulin,36.5984722,-90.2603889,1,NAD83,23,315
USGS,3.63551E+14,7/27/2022,29.44,Qulin,36.5984722,-90.2603889,1,NAD83,23,315
USGS,3.63551E+14,7/28/2022,28.08,Qulin,36.5984722,-90.2603889,1,NAD83,23,315
USGS,3.63551E+14,7/29/2022,27.39,Qulin,36.5984722,-90.2603889,1,NAD83,23,315
USGS,3.63551E+14,7/30/2022,26.98,Qulin,36.5984722,-90.2603889,1,NAD83,23,315
USGS,3.63551E+14,7/31/2022,26.61,Qulin,36.5984722,-90.2603889,1,NAD83,23,315
USGS,3.63551E+14,8/1/2022,26.61,Qulin,36.5984722,-90.2603889,1,NAD83,23,315
USGS,3.63551E+14,8/2/2022,26.83,Qulin,36.5984722,-90.2603889,1,NAD83,23,315
USGS,3.63551E+14,8/3/2022,27.03,Qulin,36.5984722,-90.2603889,1,NAD83,23,315
USGS,3.63551E+14,8/4/2022,26.58,Qulin,36.5984722,-90.2603889,1,NAD83,23,315
USGS,3.63551E+14,8/5/2022,26.43,Qulin,36.5984722,-90.2603889,1,NAD83,23,315
USGS,3.63551E+14,8/6/2022,26.38,Qulin,36.5984722,-90.2603889,1,NAD83,23,315
USGS,3.63551E+14,8/7/2022,26.47,Qulin,36.5984722,-90.2603889,1,NAD83,23,315
USGS,3.63551E+14,8/8/2022,26.69,Qulin,36.5984722,-90.2603889,1,NAD83,23,315
USGS,3.63551E+14,8/9/2022,27.4,Qulin,36.5984722,-90.2603889,1,NAD83,23,315
USGS,3.63551E+14,8/10/2022,27.95,Qulin,36.5984722,-90.2603889,1,NAD83,23,315
USGS,3.63551E+14,8/11/2022,27.78,Qulin,36.5984722,-90.2603889,1,NAD83,23,315
USGS,3.63551E+14,8/12/2022,27.17,Qulin,36.5984722,-90.2603889,1,NAD83,23,315
USGS,3.63551E+14,8/13/2022,26.7,Qulin,36.5984722,-90.2603889,1,NAD83,23,315
USGS,3.63551E+14,8/14/2022,26.46,Qulin,36.5984722,-90.2603889,1,NAD83,23,315
USGS,3.63551E+14,8/15/2022,27.25,Qulin,36.5984722,-90.2603889,1,NAD83,23,315
USGS,3.63551E+14,8/16/2022,27.08,Qulin,36.5984722,-90.2603889,1,NAD83,23,315
USGS,3.63551E+14,8/17/2022,26.14,Qulin,36.5984722,-90.2603889,1,NAD83,23,315
USGS,3.63551E+14,8/18/2022,26.01,Qulin,36.5984722,-90.2603889,1,NAD83,23,315
USGS,3.63551E+14,8/19/2022,26.33,Qulin,36.5984722,-90.2603889,1,NAD83,23,315
USGS,3.63551E+14,8/20/2022,26.73,Qulin,36.5984722,-90.2603889,1,NAD83,23,315
USGS,3.65141E+14,8/21/2021,113.68,Poplar Bluff,36.86141389,-90.5111611,5,NAD83,23,600
USGS,3.65141E+14,8/22/2021,114.6,Poplar Bluff,36.86141389,-90.5111611,5,NAD83,23,600
USGS,3.65141E+14,8/23/2021,114.27,Poplar Bluff,36.86141389,-90.5111611,5,NAD83,23,600
USGS,3.65141E+14,8/24/2021,114.3,Poplar Bluff,36.86141389,-90.5111611,5,NAD83,23,600
USGS,3.65141E+14,8/25/2021,114.73,Poplar Bluff,36.86141389,-90.5111611,5,NAD83,23,600
USGS,3.65141E+14,8/26/2021,114.34,Poplar Bluff,36.86141389,-90.5111611,5,NAD83,23,600
USGS,3.65141E+14,8/27/2021,114.56,Poplar Bluff,36.86141389,-90.5111611,5,NAD83,23,600
USGS,3.65141E+14,8/28/2021,114.76,Poplar Bluff,36.86141389,-90.5111611,5,NAD83,23,600
USGS,3.65141E+14,8/29/2021,114.14,Poplar Bluff,36.86141389,-90.5111611,5,NAD83,23,600
USGS,3.65141E+14,8/30/2021,114.85,Poplar Bluff,36.86141389,-90.5111611,5,NAD83,23,600
USGS,3.65141E+14,8/31/2021,114.43,Poplar Bluff,36.86141389,-90.5111611,5,NAD83,23,600
USGS,3.65141E+14,9/1/2021,114.4,Poplar Bluff,36.86141389,-90.5111611,5,NAD83,23,600
USGS,3.65141E+14,9/2/2021,115.11,Poplar Bluff,36.86141389,-90.5111611,5,NAD83,23,600
USGS,3.65141E+14,9/3/2021,114.69,Poplar Bluff,36.86141389,-90.5111611,5,NAD83,23,600
USGS,3.65141E+14,9/4/2021,114.7,Poplar Bluff,36.86141389,-90.5111611,5,NAD83,23,600
USGS,3.65141E+14,9/5/2021,115.08,Poplar Bluff,36.86141389,-90.5111611,5,NAD83,23,600
USGS,3.65141E+14,9/6/2021,114.72,Poplar Bluff,36.86141389,-90.5111611,5,NAD83,23,600
USGS,3.65141E+14,9/7/2021,114.81,Poplar Bluff,36.86141389,-90.5111611,5,NAD83,23,600
USGS,3.65141E+14,9/8/2021,115.04,Poplar Bluff,36.86141389,-90.5111611,5,NAD83,23,600
USGS,3.65141E+14,9/9/2021,114.51,Poplar Bluff,36.86141389,-90.5111611,5,NAD83,23,600
USGS,3.65141E+14,9/10/2021,115.4,Poplar Bluff,36.86141389,-90.5111611,5,NAD83,23,600
USGS,3.65141E+14,9/11/2021,115.33,Poplar Bluff,36.86141389,-90.5111611,5,NAD83,23,600
USGS,3.65141E+14,9/12/2021,115.12,Poplar Bluff,36.86141389,-90.5111611,5,NAD83,23,600
USGS,3.65141E+14,9/13/2021,115.11,Poplar Bluff,36.86141389,-90.5111611,5,NAD83,23,600
USGS,3.65141E+14,9/14/2021,115.33,Poplar Bluff,36.86141389,-90.5111611,5,NAD83,23,600
USGS,3.65141E+14,9/15/2021,114.91,Poplar Bluff,36.86141389,-90.5111611,5,NAD83,23,600
USGS,3.65141E+14,9/16/2021,115.24,Poplar Bluff,36.86141389,-90.5111611,5,NAD83,23,600
USGS,3.65141E+14,9/17/2021,115.45,Poplar Bluff,36.86141389,-90.5111611,5,NAD83,23,600
USGS,3.65141E+14,9/18/2021,115.44,Poplar Bluff,36.86141389,-90.5111611,5,NAD83,23,600
USGS,3.65141E+14,9/19/2021,115.17,Poplar Bluff,36.86141389,-90.5111611,5,NAD83,23,600
USGS,3.65141E+14,9/20/2021,115.41,Poplar Bluff,36.86141389,-90.5111611,5,NAD83,23,600
USGS,3.65141E+14,9/21/2021,114.92,Poplar Bluff,36.86141389,-90.5111611,5,NAD83,23,600
USGS,3.65141E+14,9/22/2021,116.26,Poplar Bluff,36.86141389,-90.5111611,5,NAD83,23,600
USGS,3.65141E+14,9/23/2021,115.2,Poplar Bluff,36.86141389,-90.5111611,5,NAD83,23,600
USGS,3.65141E+14,9/24/2021,115.62,Poplar Bluff,36.86141389,-90.5111611,5,NAD83,23,600
USGS,3.65141E+14,9/25/2021,115.67,Poplar Bluff,36.86141389,-90.5111611,5,NAD83,23,600
USGS,3.65141E+14,9/26/2021,115.17,Poplar Bluff,36.86141389,-90.5111611,5,NAD83,23,600
USGS,3.65141E+14,9/27/2021,115.9,Poplar Bluff,36.86141389,-90.5111611,5,NAD83,23,600
USGS,3.65141E+14,9/28/2021,115.48,Poplar Bluff,36.86141389,-90.5111611,5,NAD83,23,600
USGS,3.65141E+14,9/29/2021,115.49,Poplar Bluff,36.86141389,-90.5111611,5,NAD83,23,600
USGS,3.65141E+14,9/30/2021,116.05,Poplar Bluff,36.86141389,-90.5111611,5,NAD83,23,600
USGS,3.65141E+14,10/1/2021,115.16,Poplar Bluff,36.86141389,-90.5111611,5,NAD83,23,600
USGS,3.65141E+14,10/2/2021,115.82,Poplar Bluff,36.86141389,-90.5111611,5,NAD83,23,600
USGS,3.65141E+14,10/3/2021,115.24,Poplar Bluff,36.86141389,-90.5111611,5,NAD83,23,600
USGS,3.65141E+14,10/4/2021,115.21,Poplar Bluff,36.86141389,-90.5111611,5,NAD83,23,600
USGS,3.65141E+14,10/5/2021,115.67,Poplar Bluff,36.86141389,-90.5111611,5,NAD83,23,600
USGS,3.65141E+14,10/6/2021,114.82,Poplar Bluff,36.86141389,-90.5111611,5,NAD83,23,600
USGS,3.65141E+14,10/7/2021,115.6,Poplar Bluff,36.86141389,-90.5111611,5,NAD83,23,600
USGS,3.65141E+14,10/8/2021,115.48,Poplar Bluff,36.86141389,-90.5111611,5,NAD83,23,600
USGS,3.65141E+14,10/9/2021,114.86,Poplar Bluff,36.86141389,-90.5111611,5,NAD83,23,600
USGS,3.65141E+14,10/10/2021,115.39,Poplar Bluff,36.86141389,-90.5111611,5,NAD83,23,600
USGS,3.65141E+14,10/11/2021,115.27,Poplar Bluff,36.86141389,-90.5111611,5,NAD83,23,600
USGS,3.65141E+14,10/12/2021,115.23,Poplar Bluff,36.86141389,-90.5111611,5,NAD83,23,600
USGS,3.65141E+14,10/13/2021,115.82,Poplar Bluff,36.86141389,-90.5111611,5,NAD83,23,600
USGS,3.65141E+14,10/14/2021,115.84,Poplar Bluff,36.86141389,-90.5111611,5,NAD83,23,600
USGS,3.65141E+14,10/15/2021,115.06,Poplar Bluff,36.86141389,-90.5111611,5,NAD83,23,600
USGS,3.65141E+14,10/16/2021,115.96,Poplar Bluff,36.86141389,-90.5111611,5,NAD83,23,600
USGS,3.65141E+14,10/17/2021,115.63,Poplar Bluff,36.86141389,-90.5111611,5,NAD83,23,600
USGS,3.65141E+14,10/18/2021,115.15,Poplar Bluff,36.86141389,-90.5111611,5,NAD83,23,600
USGS,3.65141E+14,10/19/2021,115.81,Poplar Bluff,36.86141389,-90.5111611,5,NAD83,23,600
USGS,3.65141E+14,10/20/2021,115.51,Poplar Bluff,36.86141389,-90.5111611,5,NAD83,23,600
USGS,3.65141E+14,10/21/2021,115.39,Poplar Bluff,36.86141389,-90.5111611,5,NAD83,23,600
USGS,3.65141E+14,10/22/2021,115.89,Poplar Bluff,36.86141389,-90.5111611,5,NAD83,23,600
USGS,3.65141E+14,10/23/2021,115.22,Poplar Bluff,36.86141389,-90.5111611,5,NAD83,23,600
USGS,3.65141E+14,10/24/2021,115.68,Poplar Bluff,36.86141389,-90.5111611,5,NAD83,23,600
USGS,3.65141E+14,10/25/2021,115.7,Poplar Bluff,36.86141389,-90.5111611,5,NAD83,23,600
USGS,3.65141E+14,10/26/2021,116.24,Poplar Bluff,36.86141389,-90.5111611,5,NAD83,23,600
USGS,3.65141E+14,10/27/2021,115.99,Poplar Bluff,36.86141389,-90.5111611,5,NAD83,23,600
USGS,3.65141E+14,10/28/2021,115.65,Poplar Bluff,36.86141389,-90.5111611,5,NAD83,23,600
USGS,3.65141E+14,10/29/2021,115.26,Poplar Bluff,36.86141389,-90.5111611,5,NAD83,23,600
USGS,3.65141E+14,10/30/2021,115.22,Poplar Bluff,36.86141389,-90.5111611,5,NAD83,23,600
USGS,3.65141E+14,10/31/2021,115.5,Poplar Bluff,36.86141389,-90.5111611,5,NAD83,23,600
USGS,3.65141E+14,11/1/2021,115.7,Poplar Bluff,36.86141389,-90.5111611,5,NAD83,23,600
USGS,3.65141E+14,11/2/2021,115.32,Poplar Bluff,36.86141389,-90.5111611,5,NAD83,23,600
USGS,3.65141E+14,11/3/2021,116.03,Poplar Bluff,36.86141389,-90.5111611,5,NAD83,23,600
USGS,3.65141E+14,11/4/2021,115.8,Poplar Bluff,36.86141389,-90.5111611,5,NAD83,23,600
USGS,3.65141E+14,11/5/2021,115.32,Poplar Bluff,36.86141389,-90.5111611,5,NAD83,23,600
USGS,3.65141E+14,11/6/2021,115.98,Poplar Bluff,36.86141389,-90.5111611,5,NAD83,23,600
USGS,3.65141E+14,11/7/2021,115.82,Poplar Bluff,36.86141389,-90.5111611,5,NAD83,23,600
USGS,3.65141E+14,11/8/2021,115.53,Poplar Bluff,36.86141389,-90.5111611,5,NAD83,23,600
USGS,3.65141E+14,11/9/2021,116.1,Poplar Bluff,36.86141389,-90.5111611,5,NAD83,23,600
USGS,3.65141E+14,11/10/2021,115.75,Poplar Bluff,36.86141389,-90.5111611,5,NAD83,23,600
USGS,3.65141E+14,11/11/2021,115.49,Poplar Bluff,36.86141389,-90.5111611,5,NAD83,23,600
USGS,3.65141E+14,11/12/2021,116.14,Poplar Bluff,36.86141389,-90.5111611,5,NAD83,23,600
USGS,3.65141E+14,11/13/2021,115.86,Poplar Bluff,36.86141389,-90.5111611,5,NAD83,23,600
USGS,3.65141E+14,11/14/2021,115.85,Poplar Bluff,36.86141389,-90.5111611,5,NAD83,23,600
USGS,3.65141E+14,11/15/2021,116.33,Poplar Bluff,36.86141389,-90.5111611,5,NAD83,23,600
USGS,3.65141E+14,11/16/2021,116.37,Poplar Bluff,36.86141389,-90.5111611,5,NAD83,23,600
USGS,3.65141E+14,11/17/2021,116.04,Poplar Bluff,36.86141389,-90.5111611,5,NAD83,23,600
USGS,3.65141E+14,11/18/2021,115.82,Poplar Bluff,36.86141389,-90.5111611,5,NAD83,23,600
USGS,3.65141E+14,11/19/2021,116.14,Poplar Bluff,36.86141389,-90.5111611,5,NAD83,23,600
USGS,3.65141E+14,11/20/2021,115.95,Poplar Bluff,36.86141389,-90.5111611,5,NAD83,23,600
USGS,3.65141E+14,11/21/2021,115.39,Poplar Bluff,36.86141389,-90.5111611,5,NAD83,23,600
USGS,3.65141E+14,11/22/2021,115.96,Poplar Bluff,36.86141389,-90.5111611,5,NAD83,23,600
USGS,3.65141E+14,11/23/2021,115.9,Poplar Bluff,36.86141389,-90.5111611,5,NAD83,23,600
USGS,3.65141E+14,11/24/2021,115.49,Poplar Bluff,36.86141389,-90.5111611,5,NAD83,23,600
USGS,3.65141E+14,11/25/2021,116.05,Poplar Bluff,36.86141389,-90.5111611,5,NAD83,23,600
USGS,3.65141E+14,11/26/2021,116.16,Poplar Bluff,36.86141389,-90.5111611,5,NAD83,23,600
USGS,3.65141E+14,11/27/2021,115.59,Poplar Bluff,36.86141389,-90.5111611,5,NAD83,23,600
USGS,3.65141E+14,11/28/2021,115.56,Poplar Bluff,36.86141389,-90.5111611,5,NAD83,23,600
USGS,3.65141E+14,11/29/2021,116.09,Poplar Bluff,36.86141389,-90.5111611,5,NAD83,23,600
USGS,3.65141E+14,11/30/2021,115.74,Poplar Bluff,36.86141389,-90.5111611,5,NAD83,23,600
USGS,3.65141E+14,12/1/2021,115.64,Poplar Bluff,36.86141389,-90.5111611,5,NAD83,23,600
USGS,3.65141E+14,12/2/2021,116.15,Poplar Bluff,36.86141389,-90.5111611,5,NAD83,23,600
USGS,3.65141E+14,12/3/2021,115.78,Poplar Bluff,36.86141389,-90.5111611,5,NAD83,23,600
USGS,3.65141E+14,12/4/2021,116.08,Poplar Bluff,36.86141389,-90.5111611,5,NAD83,23,600
USGS,3.65141E+14,12/5/2021,116.11,Poplar Bluff,36.86141389,-90.5111611,5,NAD83,23,600
USGS,3.65141E+14,12/6/2021,115.51,Poplar Bluff,36.86141389,-90.5111611,5,NAD83,23,600
USGS,3.65141E+14,12/7/2021,116.14,Poplar Bluff,36.86141389,-90.5111611,5,NAD83,23,600
USGS,3.65141E+14,12/8/2021,115.94,Poplar Bluff,36.86141389,-90.5111611,5,NAD83,23,600
USGS,3.65141E+14,12/9/2021,115.23,Poplar Bluff,36.86141389,-90.5111611,5,NAD83,23,600
USGS,3.65141E+14,12/10/2021,115.5,Poplar Bluff,36.86141389,-90.5111611,5,NAD83,23,600
USGS,3.65141E+14,12/11/2021,115.98,Poplar Bluff,36.86141389,-90.5111611,5,NAD83,23,600
USGS,3.65141E+14,12/12/2021,116.32,Poplar Bluff,36.86141389,-90.5111611,5,NAD83,23,600
USGS,3.65141E+14,12/13/2021,115.96,Poplar Bluff,36.86141389,-90.5111611,5,NAD83,23,600
USGS,3.65141E+14,12/14/2021,116.05,Poplar Bluff,36.86141389,-90.5111611,5,NAD83,23,600
USGS,3.65141E+14,12/15/2021,116.23,Poplar Bluff,36.86141389,-90.5111611,5,NAD83,23,600
USGS,3.65141E+14,12/16/2021,115.7,Poplar Bluff,36.86141389,-90.5111611,5,NAD83,23,600
USGS,3.65141E+14,12/17/2021,116.08,Poplar Bluff,36.86141389,-90.5111611,5,NAD83,23,600
USGS,3.65141E+14,12/18/2021,116,Poplar Bluff,36.86141389,-90.5111611,5,NAD83,23,600
USGS,3.65141E+14,12/19/2021,116.02,Poplar Bluff,36.86141389,-90.5111611,5,NAD83,23,600
USGS,3.65141E+14,12/20/2021,115.61,Poplar Bluff,36.86141389,-90.5111611,5,NAD83,23,600
USGS,3.65141E+14,12/21/2021,114.96,Poplar Bluff,36.86141389,-90.5111611,5,NAD83,23,600
USGS,3.65141E+14,12/22/2021,115,Poplar Bluff,36.86141389,-90.5111611,5,NAD83,23,600
USGS,3.65141E+14,12/23/2021,115.31,Poplar Bluff,36.86141389,-90.5111611,5,NAD83,23,600
USGS,3.65141E+14,12/24/2021,114.89,Poplar Bluff,36.86141389,-90.5111611,5,NAD83,23,600
USGS,3.65141E+14,12/25/2021,114.64,Poplar Bluff,36.86141389,-90.5111611,5,NAD83,23,600
USGS,3.65141E+14,12/26/2021,115.4,Poplar Bluff,36.86141389,-90.5111611,5,NAD83,23,600
USGS,3.65141E+14,12/27/2021,115.44,Poplar Bluff,36.86141389,-90.5111611,5,NAD83,23,600
USGS,3.65141E+14,12/28/2021,114.84,Poplar Bluff,36.86141389,-90.5111611,5,NAD83,23,600
USGS,3.65141E+14,12/29/2021,115.39,Poplar Bluff,36.86141389,-90.5111611,5,NAD83,23,600
USGS,3.65141E+14,12/30/2021,115.61,Poplar Bluff,36.86141389,-90.5111611,5,NAD83,23,600
USGS,3.65141E+14,12/31/2021,115.13,Poplar Bluff,36.86141389,-90.5111611,5,NAD83,23,600
USGS,3.65141E+14,1/1/2022,114.74,Poplar Bluff,36.86141389,-90.5111611,5,NAD83,23,600
USGS,3.65141E+14,1/2/2022,115.17,Poplar Bluff,36.86141389,-90.5111611,5,NAD83,23,600
USGS,3.65141E+14,1/3/2022,115.07,Poplar Bluff,36.86141389,-90.5111611,5,NAD83,23,600
USGS,3.65141E+14,1/4/2022,114.64,Poplar Bluff,36.86141389,-90.5111611,5,NAD83,23,600
USGS,3.65141E+14,1/5/2022,114.45,Poplar Bluff,36.86141389,-90.5111611,5,NAD83,23,600
USGS,3.65141E+14,1/6/2022,114.84,Poplar Bluff,36.86141389,-90.5111611,5,NAD83,23,600
USGS,3.65141E+14,1/7/2022,114.75,Poplar Bluff,36.86141389,-90.5111611,5,NAD83,23,600
USGS,3.65141E+14,1/8/2022,114.54,Poplar Bluff,36.86141389,-90.5111611,5,NAD83,23,600
USGS,3.65141E+14,1/9/2022,114.93,Poplar Bluff,36.86141389,-90.5111611,5,NAD83,23,600
USGS,3.65141E+14,1/10/2022,114.89,Poplar Bluff,36.86141389,-90.5111611,5,NAD83,23,600
USGS,3.65141E+14,1/11/2022,114.4,Poplar Bluff,36.86141389,-90.5111611,5,NAD83,23,600
USGS,3.65141E+14,1/12/2022,114.51,Poplar Bluff,36.86141389,-90.5111611,5,NAD83,23,600
USGS,3.65141E+14,1/13/2022,113.72,Poplar Bluff,36.86141389,-90.5111611,5,NAD83,23,600
USGS,3.65141E+14,1/14/2022,114.28,Poplar Bluff,36.86141389,-90.5111611,5,NAD83,23,600
USGS,3.65141E+14,1/15/2022,114.3,Poplar Bluff,36.86141389,-90.5111611,5,NAD83,23,600
USGS,3.65141E+14,1/16/2022,114.12,Poplar Bluff,36.86141389,-90.5111611,5,NAD83,23,600
USGS,3.65141E+14,1/17/2022,113.67,Poplar Bluff,36.86141389,-90.5111611,5,NAD83,23,600
USGS,3.65141E+14,1/18/2022,114.15,Poplar Bluff,36.86141389,-90.5111611,5,NAD83,23,600
USGS,3.65141E+14,1/19/2022,114.23,Poplar Bluff,36.86141389,-90.5111611,5,NAD83,23,600
USGS,3.65141E+14,1/20/2022,114.55,Poplar Bluff,36.86141389,-90.5111611,5,NAD83,23,600
USGS,3.65141E+14,1/21/2022,114.35,Poplar Bluff,36.86141389,-90.5111611,5,NAD83,23,600
USGS,3.65141E+14,1/22/2022,114.72,Poplar Bluff,36.86141389,-90.5111611,5,NAD83,23,600
USGS,3.65141E+14,1/23/2022,114.08,Poplar Bluff,36.86141389,-90.5111611,5,NAD83,23,600
USGS,3.65141E+14,1/24/2022,113.92,Poplar Bluff,36.86141389,-90.5111611,5,NAD83,23,600
USGS,3.65141E+14,1/25/2022,114.69,Poplar Bluff,36.86141389,-90.5111611,5,NAD83,23,600
USGS,3.65141E+14,1/26/2022,114.71,Poplar Bluff,36.86141389,-90.5111611,5,NAD83,23,600
USGS,3.65141E+14,1/27/2022,114.45,Poplar Bluff,36.86141389,-90.5111611,5,NAD83,23,600
USGS,3.65141E+14,1/28/2022,114.97,Poplar Bluff,36.86141389,-90.5111611,5,NAD83,23,600
USGS,3.65141E+14,1/29/2022,114.89,Poplar Bluff,36.86141389,-90.5111611,5,NAD83,23,600
USGS,3.65141E+14,1/30/2022,114.04,Poplar Bluff,36.86141389,-90.5111611,5,NAD83,23,600
USGS,3.65141E+14,1/31/2022,114.9,Poplar Bluff,36.86141389,-90.5111611,5,NAD83,23,600
USGS,3.65141E+14,2/1/2022,114.44,Poplar Bluff,36.86141389,-90.5111611,5,NAD83,23,600
USGS,3.65141E+14,2/2/2022,114.57,Poplar Bluff,36.86141389,-90.5111611,5,NAD83,23,600
USGS,3.65141E+14,2/3/2022,114.9,Poplar Bluff,36.86141389,-90.5111611,5,NAD83,23,600
USGS,3.65141E+14,2/4/2022,114.84,Poplar Bluff,36.86141389,-90.5111611,5,NAD83,23,600
USGS,3.65141E+14,2/5/2022,114.88,Poplar Bluff,36.86141389,-90.5111611,5,NAD83,23,600
USGS,3.65141E+14,2/6/2022,115.25,Poplar Bluff,36.86141389,-90.5111611,5,NAD83,23,600
USGS,3.65141E+14,2/7/2022,114.42,Poplar Bluff,36.86141389,-90.5111611,5,NAD83,23,600
USGS,3.65141E+14,2/8/2022,114.56,Poplar Bluff,36.86141389,-90.5111611,5,NAD83,23,600
USGS,3.65141E+14,2/9/2022,114.03,Poplar Bluff,36.86141389,-90.5111611,5,NAD83,23,600
USGS,3.65141E+14,2/10/2022,114,Poplar Bluff,36.86141389,-90.5111611,5,NAD83,23,600
USGS,3.65141E+14,2/11/2022,113.94,Poplar Bluff,36.86141389,-90.5111611,5,NAD83,23,600
USGS,3.65141E+14,2/12/2022,114.34,Poplar Bluff,36.86141389,-90.5111611,5,NAD83,23,600
USGS,3.65141E+14,2/13/2022,113.98,Poplar Bluff,36.86141389,-90.5111611,5,NAD83,23,600
USGS,3.65141E+14,2/14/2022,114.28,Poplar Bluff,36.86141389,-90.5111611,5,NAD83,23,600
USGS,3.65141E+14,2/15/2022,114.36,Poplar Bluff,36.86141389,-90.5111611,5,NAD83,23,600
USGS,3.65141E+14,2/16/2022,114.13,Poplar Bluff,36.86141389,-90.5111611,5,NAD83,23,600
USGS,3.65141E+14,2/17/2022,113.48,Poplar Bluff,36.86141389,-90.5111611,5,NAD83,23,600
USGS,3.65141E+14,2/18/2022,114.13,Poplar Bluff,36.86141389,-90.5111611,5,NAD83,23,600
USGS,3.65141E+14,2/19/2022,114.02,Poplar Bluff,36.86141389,-90.5111611,5,NAD83,23,600
USGS,3.65141E+14,2/20/2022,113.59,Poplar Bluff,36.86141389,-90.5111611,5,NAD83,23,600
USGS,3.65141E+14,2/21/2022,113.09,Poplar Bluff,36.86141389,-90.5111611,5,NAD83,23,600
USGS,3.65141E+14,2/22/2022,113.33,Poplar Bluff,36.86141389,-90.5111611,5,NAD83,23,600
USGS,3.65141E+14,2/23/2022,113.49,Poplar Bluff,36.86141389,-90.5111611,5,NAD83,23,600
USGS,3.65141E+14,2/24/2022,,Poplar Bluff,36.86141389,-90.5111611,5,NAD83,23,600
USGS,3.65141E+14,2/25/2022,,Poplar Bluff,36.86141389,-90.5111611,5,NAD83,23,600
USGS,3.65141E+14,2/26/2022,,Poplar Bluff,36.86141389,-90.5111611,5,NAD83,23,600
USGS,3.65141E+14,2/27/2022,112.89,Poplar Bluff,36.86141389,-90.5111611,5,NAD83,23,600
USGS,3.65141E+14,2/28/2022,112.63,Poplar Bluff,36.86141389,-90.5111611,5,NAD83,23,600
USGS,3.65141E+14,3/1/2022,111.98,Poplar Bluff,36.86141389,-90.5111611,5,NAD83,23,600
USGS,3.65141E+14,3/2/2022,112.56,Poplar Bluff,36.86141389,-90.5111611,5,NAD83,23,600
USGS,3.65141E+14,3/3/2022,112.71,Poplar Bluff,36.86141389,-90.5111611,5,NAD83,23,600
USGS,3.65141E+14,3/4/2022,112.3,Poplar Bluff,36.86141389,-90.5111611,5,NAD83,23,600
USGS,3.65141E+14,3/5/2022,112.25,Poplar Bluff,36.86141389,-90.5111611,5,NAD83,23,600
USGS,3.65141E+14,3/6/2022,112.56,Poplar Bluff,36.86141389,-90.5111611,5,NAD83,23,600
USGS,3.65141E+14,3/7/2022,112.49,Poplar Bluff,36.86141389,-90.5111611,5,NAD83,23,600
USGS,3.65141E+14,3/8/2022,111.84,Poplar Bluff,36.86141389,-90.5111611,5,NAD83,23,600
USGS,3.65141E+14,3/9/2022,111.74,Poplar Bluff,36.86141389,-90.5111611,5,NAD83,23,600
USGS,3.65141E+14,3/10/2022,112.1,Poplar Bluff,36.86141389,-90.5111611,5,NAD83,23,600
USGS,3.65141E+14,3/11/2022,111.81,Poplar Bluff,36.86141389,-90.5111611,5,NAD83,23,600
USGS,3.65141E+14,3/12/2022,111.81,Poplar Bluff,36.86141389,-90.5111611,5,NAD83,23,600
USGS,3.65141E+14,3/13/2022,112.27,Poplar Bluff,36.86141389,-90.5111611,5,NAD83,23,600
USGS,3.65141E+14,3/14/2022,112.16,Poplar Bluff,36.86141389,-90.5111611,5,NAD83,23,600
USGS,3.65141E+14,3/15/2022,111.83,Poplar Bluff,36.86141389,-90.5111611,5,NAD83,23,600
USGS,3.65141E+14,3/16/2022,112.03,Poplar Bluff,36.86141389,-90.5111611,5,NAD83,23,600
USGS,3.65141E+14,3/17/2022,112.18,Poplar Bluff,36.86141389,-90.5111611,5,NAD83,23,600
USGS,3.65141E+14,3/18/2022,111.88,Poplar Bluff,36.86141389,-90.5111611,5,NAD83,23,600
USGS,3.65141E+14,3/19/2022,111.82,Poplar Bluff,36.86141389,-90.5111611,5,NAD83,23,600
USGS,3.65141E+14,3/20/2022,112.66,Poplar Bluff,36.86141389,-90.5111611,5,NAD83,23,600
USGS,3.65141E+14,3/21/2022,112.44,Poplar Bluff,36.86141389,-90.5111611,5,NAD83,23,600
USGS,3.65141E+14,3/22/2022,111.54,Poplar Bluff,36.86141389,-90.5111611,5,NAD83,23,600
USGS,3.65141E+14,3/23/2022,111.78,Poplar Bluff,36.86141389,-90.5111611,5,NAD83,23,600
USGS,3.65141E+14,3/24/2022,111.84,Poplar Bluff,36.86141389,-90.5111611,5,NAD83,23,600
USGS,3.65141E+14,3/25/2022,111.7,Poplar Bluff,36.86141389,-90.5111611,5,NAD83,23,600
USGS,3.65141E+14,3/26/2022,111.59,Poplar Bluff,36.86141389,-90.5111611,5,NAD83,23,600
USGS,3.65141E+14,3/27/2022,111.89,Poplar Bluff,36.86141389,-90.5111611,5,NAD83,23,600
USGS,3.65141E+14,3/28/2022,112.09,Poplar Bluff,36.86141389,-90.5111611,5,NAD83,23,600
USGS,3.65141E+14,3/29/2022,111.73,Poplar Bluff,36.86141389,-90.5111611,5,NAD83,23,600
USGS,3.65141E+14,3/30/2022,111.55,Poplar Bluff,36.86141389,-90.5111611,5,NAD83,23,600
USGS,3.65141E+14,3/31/2022,111.09,Poplar Bluff,36.86141389,-90.5111611,5,NAD83,23,600
USGS,3.65141E+14,4/1/2022,111.52,Poplar Bluff,36.86141389,-90.5111611,5,NAD83,23,600
USGS,3.65141E+14,4/2/2022,111.59,Poplar Bluff,36.86141389,-90.5111611,5,NAD83,23,600
USGS,3.65141E+14,4/3/2022,111.53,Poplar Bluff,36.86141389,-90.5111611,5,NAD83,23,600
USGS,3.65141E+14,4/4/2022,111.43,Poplar Bluff,36.86141389,-90.5111611,5,NAD83,23,600
USGS,3.65141E+14,4/5/2022,111.17,Poplar Bluff,36.86141389,-90.5111611,5,NAD83,23,600
USGS,3.65141E+14,4/6/2022,110.9,Poplar Bluff,36.86141389,-90.5111611,5,NAD83,23,600
USGS,3.65141E+14,4/7/2022,110.64,Poplar Bluff,36.86141389,-90.5111611,5,NAD83,23,600
USGS,3.65141E+14,4/8/2022,111.17,Poplar Bluff,36.86141389,-90.5111611,5,NAD83,23,600
USGS,3.65141E+14,4/9/2022,111.17,Poplar Bluff,36.86141389,-90.5111611,5,NAD83,23,600
USGS,3.65141E+14,4/10/2022,110.59,Poplar Bluff,36.86141389,-90.5111611,5,NAD83,23,600
USGS,3.65141E+14,4/11/2022,110.79,Poplar Bluff,36.86141389,-90.5111611,5,NAD83,23,600
USGS,3.65141E+14,4/12/2022,110.9,Poplar Bluff,36.86141389,-90.5111611,5,NAD83,23,600
USGS,3.65141E+14,4/13/2022,110.43,Poplar Bluff,36.86141389,-90.5111611,5,NAD83,23,600
USGS,3.65141E+14,4/14/2022,110.32,Poplar Bluff,36.86141389,-90.5111611,5,NAD83,23,600
USGS,3.65141E+14,4/15/2022,110.01,Poplar Bluff,36.86141389,-90.5111611,5,NAD83,23,600
USGS,3.65141E+14,4/16/2022,110.32,Poplar Bluff,36.86141389,-90.5111611,5,NAD83,23,600
USGS,3.65141E+14,4/17/2022,110.28,Poplar Bluff,36.86141389,-90.5111611,5,NAD83,23,600
USGS,3.65141E+14,4/18/2022,109.51,Poplar Bluff,36.86141389,-90.5111611,5,NAD83,23,600
USGS,3.65141E+14,4/19/2022,110.11,Poplar Bluff,36.86141389,-90.5111611,5,NAD83,23,600
USGS,3.65141E+14,4/20/2022,109.84,Poplar Bluff,36.86141389,-90.5111611,5,NAD83,23,600
USGS,3.65141E+14,4/21/2022,109.67,Poplar Bluff,36.86141389,-90.5111611,5,NAD83,23,600
USGS,3.65141E+14,4/22/2022,109.05,Poplar Bluff,36.86141389,-90.5111611,5,NAD83,23,600
USGS,3.65141E+14,4/23/2022,109.49,Poplar Bluff,36.86141389,-90.5111611,5,NAD83,23,600
USGS,3.65141E+14,4/24/2022,109.34,Poplar Bluff,36.86141389,-90.5111611,5,NAD83,23,600
USGS,3.65141E+14,4/25/2022,109.32,Poplar Bluff,36.86141389,-90.5111611,5,NAD83,23,600
USGS,3.65141E+14,4/26/2022,108.89,Poplar Bluff,36.86141389,-90.5111611,5,NAD83,23,600
USGS,3.65141E+14,4/27/2022,109.37,Poplar Bluff,36.86141389,-90.5111611,5,NAD83,23,600
USGS,3.65141E+14,4/28/2022,109.17,Poplar Bluff,36.86141389,-90.5111611,5,NAD83,23,600
USGS,3.65141E+14,4/29/2022,108.84,Poplar Bluff,36.86141389,-90.5111611,5,NAD83,23,600
USGS,3.65141E+14,4/30/2022,108.56,Poplar Bluff,36.86141389,-90.5111611,5,NAD83,23,600
USGS,3.65141E+14,5/1/2022,109.09,Poplar Bluff,36.86141389,-90.5111611,5,NAD83,23,600
USGS,3.65141E+14,5/2/2022,109.26,Poplar Bluff,36.86141389,-90.5111611,5,NAD83,23,600
USGS,3.65141E+14,5/3/2022,108.89,Poplar Bluff,36.86141389,-90.5111611,5,NAD83,23,600
USGS,3.65141E+14,5/4/2022,108.88,Poplar Bluff,36.86141389,-90.5111611,5,NAD83,23,600
USGS,3.65141E+14,5/5/2022,109.11,Poplar Bluff,36.86141389,-90.5111611,5,NAD83,23,600
USGS,3.65141E+14,5/6/2022,108.55,Poplar Bluff,36.86141389,-90.5111611,5,NAD83,23,600
USGS,3.65141E+14,5/7/2022,108.09,Poplar Bluff,36.86141389,-90.5111611,5,NAD83,23,600
USGS,3.65141E+14,5/8/2022,108.66,Poplar Bluff,36.86141389,-90.5111611,5,NAD83,23,600
USGS,3.65141E+14,5/9/2022,108.56,Poplar Bluff,36.86141389,-90.5111611,5,NAD83,23,600
USGS,3.65141E+14,5/10/2022,108.37,Poplar Bluff,36.86141389,-90.5111611,5,NAD83,23,600
USGS,3.65141E+14,5/11/2022,108.76,Poplar Bluff,36.86141389,-90.5111611,5,NAD83,23,600
USGS,3.65141E+14,5/12/2022,108.89,Poplar Bluff,36.86141389,-90.5111611,5,NAD83,23,600
USGS,3.65141E+14,5/13/2022,108.91,Poplar Bluff,36.86141389,-90.5111611,5,NAD83,23,600
USGS,3.65141E+14,5/14/2022,109.31,Poplar Bluff,36.86141389,-90.5111611,5,NAD83,23,600
USGS,3.65141E+14,5/15/2022,109,Poplar Bluff,36.86141389,-90.5111611,5,NAD83,23,600
USGS,3.65141E+14,5/16/2022,108.7,Poplar Bluff,36.86141389,-90.5111611,5,NAD83,23,600
USGS,3.65141E+14,5/17/2022,109.37,Poplar Bluff,36.86141389,-90.5111611,5,NAD83,23,600
USGS,3.65141E+14,5/18/2022,109.06,Poplar Bluff,36.86141389,-90.5111611,5,NAD83,23,600
USGS,3.65141E+14,5/19/2022,109.1,Poplar Bluff,36.86141389,-90.5111611,5,NAD83,23,600
USGS,3.65141E+14,5/20/2022,108.9,Poplar Bluff,36.86141389,-90.5111611,5,NAD83,23,600
USGS,3.65141E+14,5/21/2022,109.65,Poplar Bluff,36.86141389,-90.5111611,5,NAD83,23,600
USGS,3.65141E+14,5/22/2022,109.8,Poplar Bluff,36.86141389,-90.5111611,5,NAD83,23,600
USGS,3.65141E+14,5/23/2022,109.34,Poplar Bluff,36.86141389,-90.5111611,5,NAD83,23,600
USGS,3.65141E+14,5/24/2022,109.73,Poplar Bluff,36.86141389,-90.5111611,5,NAD83,23,600
USGS,3.65141E+14,5/25/2022,109.13,Poplar Bluff,36.86141389,-90.5111611,5,NAD83,23,600
USGS,3.65141E+14,5/26/2022,109.08,Poplar Bluff,36.86141389,-90.5111611,5,NAD83,23,600
USGS,3.65141E+14,5/27/2022,109.01,Poplar Bluff,36.86141389,-90.5111611,5,NAD83,23,600
USGS,3.65141E+14,5/28/2022,108.72,Poplar Bluff,36.86141389,-90.5111611,5,NAD83,23,600
USGS,3.65141E+14,5/29/2022,109.19,Poplar Bluff,36.86141389,-90.5111611,5,NAD83,23,600
USGS,3.65141E+14,5/30/2022,109.08,Poplar Bluff,36.86141389,-90.5111611,5,NAD83,23,600
USGS,3.65141E+14,5/31/2022,109.06,Poplar Bluff,36.86141389,-90.5111611,5,NAD83,23,600
USGS,3.65141E+14,6/1/2022,109.26,Poplar Bluff,36.86141389,-90.5111611,5,NAD83,23,600
USGS,3.65141E+14,6/2/2022,109.49,Poplar Bluff,36.86141389,-90.5111611,5,NAD83,23,600
USGS,3.65141E+14,6/3/2022,109.18,Poplar Bluff,36.86141389,-90.5111611,5,NAD83,23,600
USGS,3.65141E+14,6/4/2022,109.35,Poplar Bluff,36.86141389,-90.5111611,5,NAD83,23,600
USGS,3.65141E+14,6/5/2022,109.61,Poplar Bluff,36.86141389,-90.5111611,5,NAD83,23,600
USGS,3.65141E+14,6/6/2022,109.62,Poplar Bluff,36.86141389,-90.5111611,5,NAD83,23,600
USGS,3.65141E+14,6/7/2022,108.91,Poplar Bluff,36.86141389,-90.5111611,5,NAD83,23,600
USGS,3.65141E+14,6/8/2022,109.8,Poplar Bluff,36.86141389,-90.5111611,5,NAD83,23,600
USGS,3.65141E+14,6/9/2022,109.99,Poplar Bluff,36.86141389,-90.5111611,5,NAD83,23,600
USGS,3.65141E+14,6/10/2022,109.89,Poplar Bluff,36.86141389,-90.5111611,5,NAD83,23,600
USGS,3.65141E+14,6/11/2022,110.06,Poplar Bluff,36.86141389,-90.5111611,5,NAD83,23,600
USGS,3.65141E+14,6/12/2022,109.7,Poplar Bluff,36.86141389,-90.5111611,5,NAD83,23,600
USGS,3.65141E+14,6/13/2022,109.5,Poplar Bluff,36.86141389,-90.5111611,5,NAD83,23,600
USGS,3.65141E+14,6/14/2022,110.15,Poplar Bluff,36.86141389,-90.5111611,5,NAD83,23,600
USGS,3.65141E+14,6/15/2022,110.19,Poplar Bluff,36.86141389,-90.5111611,5,NAD83,23,600
USGS,3.65141E+14,6/16/2022,110.16,Poplar Bluff,36.86141389,-90.5111611,5,NAD83,23,600
USGS,3.65141E+14,6/17/2022,109.78,Poplar Bluff,36.86141389,-90.5111611,5,NAD83,23,600
USGS,3.65141E+14,6/18/2022,110.37,Poplar Bluff,36.86141389,-90.5111611,5,NAD83,23,600
USGS,3.65141E+14,6/19/2022,110.5,Poplar Bluff,36.86141389,-90.5111611,5,NAD83,23,600
USGS,3.65141E+14,6/20/2022,110.46,Poplar Bluff,36.86141389,-90.5111611,5,NAD83,23,600
USGS,3.65141E+14,6/21/2022,110.15,Poplar Bluff,36.86141389,-90.5111611,5,NAD83,23,600
USGS,3.65141E+14,6/22/2022,110.47,Poplar Bluff,36.86141389,-90.5111611,5,NAD83,23,600
USGS,3.65141E+14,6/23/2022,110.38,Poplar Bluff,36.86141389,-90.5111611,5,NAD83,23,600
USGS,3.65141E+14,6/24/2022,110.76,Poplar Bluff,36.86141389,-90.5111611,5,NAD83,23,600
USGS,3.65141E+14,6/25/2022,110.55,Poplar Bluff,36.86141389,-90.5111611,5,NAD83,23,600
USGS,3.65141E+14,6/26/2022,110.54,Poplar Bluff,36.86141389,-90.5111611,5,NAD83,23,600
USGS,3.65141E+14,6/27/2022,110.92,Poplar Bluff,36.86141389,-90.5111611,5,NAD83,23,600
USGS,3.65141E+14,6/28/2022,111.13,Poplar Bluff,36.86141389,-90.5111611,5,NAD83,23,600
USGS,3.65141E+14,6/29/2022,111.29,Poplar Bluff,36.86141389,-90.5111611,5,NAD83,23,600
USGS,3.65141E+14,6/30/2022,110.79,Poplar Bluff,36.86141389,-90.5111611,5,NAD83,23,600
USGS,3.65141E+14,7/1/2022,110.84,Poplar Bluff,36.86141389,-90.5111611,5,NAD83,23,600
USGS,3.65141E+14,7/2/2022,110.78,Poplar Bluff,36.86141389,-90.5111611,5,NAD83,23,600
USGS,3.65141E+14,7/3/2022,110.77,Poplar Bluff,36.86141389,-90.5111611,5,NAD83,23,600
USGS,3.65141E+14,7/4/2022,110.67,Poplar Bluff,36.86141389,-90.5111611,5,NAD83,23,600
USGS,3.65141E+14,7/5/2022,110.83,Poplar Bluff,36.86141389,-90.5111611,5,NAD83,23,600
USGS,3.65141E+14,7/6/2022,110.6,Poplar Bluff,36.86141389,-90.5111611,5,NAD83,23,600
USGS,3.65141E+14,7/7/2022,110.96,Poplar Bluff,36.86141389,-90.5111611,5,NAD83,23,600
USGS,3.65141E+14,7/8/2022,111,Poplar Bluff,36.86141389,-90.5111611,5,NAD83,23,600
USGS,3.65141E+14,7/9/2022,111.1,Poplar Bluff,36.86141389,-90.5111611,5,NAD83,23,600
USGS,3.65141E+14,7/10/2022,111.11,Poplar Bluff,36.86141389,-90.5111611,5,NAD83,23,600
USGS,3.65141E+14,7/11/2022,111,Poplar Bluff,36.86141389,-90.5111611,5,NAD83,23,600
USGS,3.65141E+14,7/12/2022,110.7,Poplar Bluff,36.86141389,-90.5111611,5,NAD83,23,600
USGS,3.65141E+14,7/13/2022,110.96,Poplar Bluff,36.86141389,-90.5111611,5,NAD83,23,600
USGS,3.65141E+14,7/14/2022,111.3,Poplar Bluff,36.86141389,-90.5111611,5,NAD83,23,600
USGS,3.65141E+14,7/15/2022,111.41,Poplar Bluff,36.86141389,-90.5111611,5,NAD83,23,600
USGS,3.65141E+14,7/16/2022,111.28,Poplar Bluff,36.86141389,-90.5111611,5,NAD83,23,600
USGS,3.65141E+14,7/17/2022,111.22,Poplar Bluff,36.86141389,-90.5111611,5,NAD83,23,600
USGS,3.65141E+14,7/18/2022,110.89,Poplar Bluff,36.86141389,-90.5111611,5,NAD83,23,600
USGS,3.65141E+14,7/19/2022,111.07,Poplar Bluff,36.86141389,-90.5111611,5,NAD83,23,600
USGS,3.65141E+14,7/20/2022,111.28,Poplar Bluff,36.86141389,-90.5111611,5,NAD83,23,600
USGS,3.65141E+14,7/21/2022,111.45,Poplar Bluff,36.86141389,-90.5111611,5,NAD83,23,600
USGS,3.65141E+14,7/22/2022,111.46,Poplar Bluff,36.86141389,-90.5111611,5,NAD83,23,600
USGS,3.65141E+14,7/23/2022,111.69,Poplar Bluff,36.86141389,-90.5111611,5,NAD83,23,600
USGS,3.65141E+14,7/24/2022,111.52,Poplar Bluff,36.86141389,-90.5111611,5,NAD83,23,600
USGS,3.65141E+14,7/25/2022,111.85,Poplar Bluff,36.86141389,-90.5111611,5,NAD83,23,600
USGS,3.65141E+14,7/26/2022,111.89,Poplar Bluff,36.86141389,-90.5111611,5,NAD83,23,600
USGS,3.65141E+14,7/27/2022,111.84,Poplar Bluff,36.86141389,-90.5111611,5,NAD83,23,600
USGS,3.65141E+14,7/28/2022,111.51,Poplar Bluff,36.86141389,-90.5111611,5,NAD83,23,600
USGS,3.65141E+14,7/29/2022,111.42,Poplar Bluff,36.86141389,-90.5111611,5,NAD83,23,600
USGS,3.65141E+14,7/30/2022,111.81,Poplar Bluff,36.86141389,-90.5111611,5,NAD83,23,600
USGS,3.65141E+14,7/31/2022,111.31,Poplar Bluff,36.86141389,-90.5111611,5,NAD83,23,600
USGS,3.65141E+14,8/1/2022,111.56,Poplar Bluff,36.86141389,-90.5111611,5,NAD83,23,600
USGS,3.65141E+14,8/2/2022,111.84,Poplar Bluff,36.86141389,-90.5111611,5,NAD83,23,600
USGS,3.65141E+14,8/3/2022,111.89,Poplar Bluff,36.86141389,-90.5111611,5,NAD83,23,600
USGS,3.65141E+14,8/4/2022,111.78,Poplar Bluff,36.86141389,-90.5111611,5,NAD83,23,600
USGS,3.65141E+14,8/5/2022,111.65,Poplar Bluff,36.86141389,-90.5111611,5,NAD83,23,600
USGS,3.65141E+14,8/6/2022,111.97,Poplar Bluff,36.86141389,-90.5111611,5,NAD83,23,600
USGS,3.65141E+14,8/7/2022,112.03,Poplar Bluff,36.86141389,-90.5111611,5,NAD83,23,600
USGS,3.65141E+14,8/8/2022,112.59,Poplar Bluff,36.86141389,-90.5111611,5,NAD83,23,600
USGS,3.65141E+14,8/9/2022,111.85,Poplar Bluff,36.86141389,-90.5111611,5,NAD83,23,600
USGS,3.65141E+14,8/10/2022,112.25,Poplar Bluff,36.86141389,-90.5111611,5,NAD83,23,600
USGS,3.65141E+14,8/11/2022,112.05,Poplar Bluff,36.86141389,-90.5111611,5,NAD83,23,600
USGS,3.65141E+14,8/12/2022,111.69,Poplar Bluff,36.86141389,-90.5111611,5,NAD83,23,600
USGS,3.65141E+14,8/13/2022,112.26,Poplar Bluff,36.86141389,-90.5111611,5,NAD83,23,600
USGS,3.65141E+14,8/14/2022,112.2,Poplar Bluff,36.86141389,-90.5111611,5,NAD83,23,600
USGS,3.65141E+14,8/15/2022,111.86,Poplar Bluff,36.86141389,-90.5111611,5,NAD83,23,600
USGS,3.65141E+14,8/16/2022,111.97,Poplar Bluff,36.86141389,-90.5111611,5,NAD83,23,600
USGS,3.65141E+14,8/17/2022,112.34,Poplar Bluff,36.86141389,-90.5111611,5,NAD83,23,600
USGS,3.65141E+14,8/18/2022,112.23,Poplar Bluff,36.86141389,-90.5111611,5,NAD83,23,600
USGS,3.65141E+14,8/19/2022,111.79,Poplar Bluff,36.86141389,-90.5111611,5,NAD83,23,600
USGS,3.65141E+14,8/20/2022,112.47,Poplar Bluff,36.86141389,-90.5111611,5,NAD83,23,600
